First Name,Last Name,Position,SEC,STY,HGT,WGT,NAT,HND,ROK,DAY,MON,CLK,SHO,PLY,STK,CHK,POS,HIT,SKA,END,DIS,FAC,LDR,STR,FIG,INJ,TOT,TBN ID,EHM ID,CON,GRD,OVR,GRADE
David,Pochop,2,0,8,10,195,4,1,0,20,2,5,67,76,87,51,60,52,77,59,40,78,74,77,50,50,383,20541,1,70,117,72,C
Andrew,Walker,5,3,1,7,210,1,1,0,27,12,1,92,76,102,51,71,45,97,82,20,50,101,97,50,53,497,126,2,77,237,86,A
Cav,Benoit,2,0,8,9,220,11,0,0,1,1,1,25,77,63,90,72,77,76,68,37,50,93,90,50,50,434,60167,3,72,184,78,B
Blaine,Muzyka,2,0,7,7,260,1,1,0,13,11,7,44,64,70,80,69,74,64,57,29,50,50,80,50,57,369,345,4,42,182,70,D
Michael,Olson,1,0,5,7,200,1,1,0,28,2,1,83,83,62,79,93,98,56,80,20,95,60,65,50,62,449,6372,5,89,142,80,A
Danny,Laflamme,1,0,5,7,183,1,1,0,1,1,3,66,63,50,62,69,69,64,67,20,73,50,71,50,50,313,5282,6,34,92,63,F
Dan,Sgambelluri,3,5,5,6,210,1,1,0,8,10,9,59,69,68,62,54,64,67,52,52,82,85,67,82,82,389,174,7,62,146,72,C
Miren,Makwana,3,5,3,4,150,1,1,0,28,12,3,58,68,69,68,57,45,76,53,28,50,50,67,50,57,310,47,8,22,141,63,F
Nick,Gratton,4,5,5,7,195,1,1,0,1,1,8,53,63,56,58,49,56,73,46,32,75,52,58,50,51,275,44754,9,25,81,58,F
Vojtech,Uhlir,2,0,6,12,205,4,0,0,4,11,5,66,88,76,83,71,76,76,67,43,50,56,81,50,71,473,27034,10,81,236,83,B
Will,Telfer,3,5,2,11,202,2,0,0,3,11,2,74,96,81,71,58,45,93,59,40,50,67,74,50,59,422,215,11,82,172,77,B
Jason,Wiedmann,2,0,8,7,195,2,1,0,6,4,2,51,96,87,88,71,69,80,69,21,50,60,67,50,61,449,392,12,88,208,80,A
Kevin,Woodleyson,4,5,5,10,215,1,1,0,23,5,1,84,90,87,69,52,62,87,66,25,77,56,83,50,52,452,42733,13,72,199,80,B
Ivo,Ernstsons,4,3,5,2,155,14,1,0,1,1,10,62,72,70,58,51,58,70,47,32,74,50,59,50,51,310,22143,14,22,125,63,F
Stephan,Glapa,4,5,3,5,190,2,1,0,1,1,1,67,76,74,46,43,53,76,50,40,81,50,61,50,52,310,1425,15,33,103,63,F
Cody,Litwiler,4,5,3,5,180,2,1,0,24,7,1,82,92,92,46,68,54,92,75,62,91,56,51,50,50,458,4464,16,81,180,81,B
Timo,Toivonen,3,5,1,3,190,6,0,0,1,1,2,64,65,77,56,50,55,69,41,26,50,50,55,50,50,275,5252,17,25,89,58,F
James,Switzer,3,5,5,9,175,1,0,0,1,1,3,43,58,48,69,49,68,67,48,20,50,50,71,55,55,275,1623,18,25,108,58,F
Hans,Missenheim,3,5,5,6,202,1,1,0,1,1,4,58,67,69,63,54,61,70,47,32,54,50,62,50,55,310,50358,19,22,138,63,F
Konstantin,Kuehn,5,3,1,1,155,10,1,0,9,5,6,81,69,91,53,59,45,89,61,32,50,53,76,50,52,380,246,20,50,163,71,C
Mark,Gallagher,5,3,4,12,200,1,1,0,1,1,6,57,67,76,53,37,68,72,55,22,50,62,77,50,51,310,62259,21,22,131,63,F
Rob,Felizardo,5,3,3,2,145,2,1,0,1,1,7,67,68,70,49,47,55,70,43,32,58,50,57,50,51,275,240,22,25,84,58,F
Zack,Marshall,5,3,1,2,150,2,1,0,1,1,8,67,65,65,57,52,57,66,45,31,50,50,55,50,50,275,236,23,25,89,58,F
Chayson,Millar,5,3,5,6,160,11,0,0,1,1,9,60,73,64,63,50,56,63,43,30,54,50,57,50,52,275,46229,24,25,91,58,F
Jay,Lopez,5,3,4,7,220,2,0,0,1,1,2,87,35,90,52,40,85,87,61,69,50,60,88,99,50,437,32969,25,87,186,78,A
Tim,Kunkel,4,3,1,11,185,2,0,0,28,8,2,93,80,92,50,45,45,86,59,40,89,56,94,50,70,422,53783,26,82,147,77,B
Sean,Bretherick,2,0,8,13,225,5,1,0,8,11,10,72,49,36,62,59,64,44,53,27,51,71,67,72,71,275,65359,27,25,95,58,F
Caleb,Christopherson,2,0,8,7,185,2,0,0,1,1,3,62,62,64,69,63,58,58,63,20,50,51,63,50,63,310,173,28,30,141,63,F
Tony,Nielsen,4,5,3,11,195,2,1,0,1,1,1,80,88,89,82,61,45,97,61,30,90,60,78,50,50,461,180,29,87,172,81,A
Christian,Larose,3,5,3,7,185,1,1,0,1,1,1,85,95,93,80,61,45,93,60,30,50,56,76,50,50,446,80,30,82,199,80,B
Matt,Sherris,4,5,3,11,170,1,1,0,5,12,3,85,90,93,80,61,45,95,62,30,90,60,75,50,50,464,222,31,87,185,82,A
Jay,Kosier,4,5,2,7,175,2,0,0,1,1,4,54,79,72,57,49,45,72,39,30,50,50,64,50,59,275,169,32,25,91,58,F
Gustav,Alm Oja,5,3,1,4,175,5,1,0,1,1,1,94,90,104,53,46,45,104,61,69,50,60,87,50,60,461,283,33,87,168,81,A
Ethan,Hamilton,1,0,5,2,142,2,1,0,1,1,4,80,78,78,73,55,71,79,60,20,61,51,58,50,59,336,85552,34,49,82,66,E
Rami,Black,4,3,2,4,180,2,1,0,1,1,1,63,70,70,47,47,54,74,49,20,72,50,47,50,59,275,50891,35,25,87,58,F
Toulouse,Lautrec,2,0,6,6,185,19,0,0,12,10,1,25,56,56,99,78,81,92,67,30,50,60,84,50,50,428,46041,36,87,199,77,A
Vilhjalmur,Kempsson,1,0,5,5,178,11,1,0,1,1,10,65,62,50,54,63,64,50,58,20,65,51,74,67,54,275,35,37,35,64,58,F
Marcel,Schoenhardt,1,0,5,7,185,10,1,0,1,1,4,69,69,50,68,67,67,50,64,21,63,54,70,50,62,310,148,38,39,103,63,F
Jason,Hodgson,4,3,5,5,199,1,0,0,1,1,6,54,64,64,55,49,59,68,45,32,73,50,55,50,52,275,151,39,25,82,58,F
Ayaz,Karim,5,3,1,0,120,1,0,0,1,1,8,55,63,76,55,48,52,74,46,32,50,50,52,50,67,275,13,40,25,96,58,F
Daniel,Svensson,4,5,3,3,165,5,1,0,1,1,7,70,79,80,44,47,57,85,54,44,81,56,66,50,51,360,529,41,52,123,69,D
Chris,Baird,3,5,3,5,199,2,0,0,1,1,8,55,69,72,49,45,52,76,47,38,50,54,60,50,51,275,204,42,25,85,58,F
Sawyer,Withers,3,5,5,4,180,1,1,0,1,1,9,68,76,80,65,58,57,80,52,32,55,50,62,50,50,360,331,43,50,156,69,D
Grzegorz,Lemanski,3,5,3,3,170,18,0,0,1,1,10,62,72,82,47,40,52,76,48,32,50,50,56,50,51,275,12155,44,25,84,58,F
Robert,Hafström,3,5,5,5,172,5,1,0,1,1,1,66,60,68,55,52,57,69,44,30,50,50,56,50,50,275,2719,45,25,94,58,F
Yehudah,Ben-Lev,5,3,1,11,180,11,0,0,1,1,2,72,69,75,47,45,52,72,42,31,50,50,57,50,56,275,56564,46,25,92,58,F
Steve,Evans,3,5,5,7,195,2,0,0,1,1,7,60,67,69,63,54,59,72,49,32,55,50,59,50,52,310,192,47,10,154,63,F
Jim,McGregor,5,3,2,5,170,1,1,0,1,1,4,49,83,70,56,49,57,66,43,31,50,50,56,50,52,275,60841,48,25,90,58,F
Adam,Borg,3,5,3,7,200,1,1,0,25,10,2,94,104,104,35,61,45,104,65,29,50,70,65,50,70,455,232,49,87,209,81,A
Matty,Steele,2,0,8,10,199,1,1,0,22,12,4,69,91,77,70,63,60,74,53,20,50,50,53,50,50,360,5424,50,52,156,69,D
Lionel,Mandrake,2,0,6,13,240,1,1,0,1,1,1,47,79,73,73,65,70,73,68,47,50,60,78,50,82,413,3231,51,87,158,75,A
Tyler,O'Meara,2,0,8,15,222,1,0,0,17,8,1,60,100,85,90,69,65,95,60,40,50,70,70,50,65,485,4767,52,87,227,84,A
Victor,Olmos,5,3,3,6,180,11,0,0,21,8,4,66,77,77,50,49,57,75,36,36,50,50,70,50,54,310,3730,53,32,125,63,F
Eddy,Kempff,2,0,6,11,220,1,0,0,1,4,3,63,58,55,80,75,80,79,30,21,50,50,65,50,50,360,18026,54,52,184,69,D
Marcijan,Pavlovic,1,0,5,6,180,11,0,0,1,1,3,66,72,50,71,69,69,50,30,20,65,50,55,50,58,275,61389,55,35,74,58,F
Mike,Lake,2,0,6,12,220,1,0,0,5,8,5,47,73,64,79,68,73,70,65,28,50,50,55,50,50,360,275,56,52,166,69,D
Moses,Rabbenu,4,0,1,8,200,11,1,0,19,3,1,66,71,68,46,54,45,72,52,20,75,70,67,50,70,310,65883,57,30,117,63,F
Christopher,Drouin,5,4,3,6,181,2,0,0,6,9,3,73,82,78,56,42,46,70,51,28,50,50,71,54,65,310,58118,58,32,123,63,F
Tobi,Polzin,2,0,7,10,210,10,0,0,1,1,2,50,64,64,69,63,66,59,57,34,50,50,65,50,51,310,7367,59,31,130,63,F
Ville,Tahjanjoki,4,3,5,3,185,6,1,0,1,1,1,56,66,66,57,48,55,70,45,26,71,50,56,50,56,275,52650,60,25,85,58,F
Adam,L'Italien,4,3,1,5,190,2,0,0,1,1,2,68,78,77,45,45,55,74,52,33,76,50,57,50,50,310,471,61,32,111,63,F
Peter,Schust,4,5,5,5,190,2,0,0,1,1,3,45,55,55,61,53,57,73,42,31,72,52,71,50,51,275,61244,62,25,88,58,F
Cam,Wilson,4,3,5,6,198,1,1,0,1,1,4,45,56,55,67,56,62,67,44,30,67,50,59,50,51,275,54675,63,25,92,58,F
T-Jay,Harris,4,5,2,6,165,2,0,0,1,1,5,50,78,70,58,46,54,69,40,31,70,55,55,50,50,275,31,64,25,74,58,F
Jon,Eklund,4,5,3,6,200,5,1,0,1,1,6,62,72,68,55,47,55,66,44,30,65,50,56,50,52,275,211,65,25,84,58,F
Ben,Cory,2,0,7,14,240,2,0,0,2,6,4,53,36,35,74,66,71,60,54,31,50,50,80,73,72,310,43522,66,22,165,63,F
Kelly,Griffin,5,3,5,7,175,1,1,0,8,3,2,66,77,71,61,50,54,71,51,39,50,50,59,50,61,316,72,67,22,130,63,F
Chris,Savin,3,5,5,11,220,11,0,0,1,1,7,51,58,58,67,58,66,70,49,29,50,52,70,50,58,310,28528,68,11,165,63,F
Robert,Wright,3,5,1,4,175,2,0,0,1,1,8,72,63,70,49,48,50,77,41,28,50,50,56,50,60,275,27433,69,25,100,58,F
Alden,Bustos,3,5,5,2,160,2,0,0,1,1,9,52,68,75,58,51,57,67,43,29,54,50,56,50,51,275,286,70,25,93,58,F
Zach,Cuff,3,5,1,6,190,1,1,0,1,1,10,67,68,72,47,45,59,70,44,32,50,50,56,50,51,275,63688,71,25,90,58,F
Gage,Reisinger,3,5,5,1,155,2,1,0,1,1,10,55,64,63,59,52,62,66,44,30,54,51,56,50,54,275,47879,72,25,91,58,F
Dom,Augustine,2,0,6,12,220,2,0,0,29,5,1,26,51,51,86,72,67,86,79,46,50,81,82,50,74,407,9226,73,72,185,75,C
Peter,Bier,2,0,7,7,177,10,0,0,2,4,7,25,90,70,70,69,77,70,61,20,50,53,85,80,60,401,16139,74,65,210,74,C
Lelouch,Lamperouge,5,3,3,5,130,1,0,0,5,12,2,85,95,95,30,70,45,95,50,20,50,53,83,50,60,413,45620,75,71,190,75,C
Matt,Friday,5,3,4,11,235,1,0,0,16,4,2,53,74,68,81,48,72,75,48,20,50,53,86,89,59,383,15126,76,50,207,72,C
Zanarkand,Abes,3,5,4,13,220,1,0,0,26,4,3,74,88,78,69,52,76,83,59,30,50,53,78,50,50,425,16366,77,72,196,77,C
Aira,Clarke,5,0,4,10,219,2,1,0,31,3,3,61,71,77,77,59,72,77,61,40,50,56,81,50,50,410,38795,78,81,170,75,B
Elias,Bistburg,3,5,1,8,198,5,1,0,16,4,10,81,71,89,40,61,48,88,50,30,50,70,50,50,61,351,48091,79,21,179,68,E
Dantuckie,de Québécois,4,0,2,10,230,1,1,0,4,7,2,25,82,74,69,50,58,66,51,36,70,50,74,50,59,313,2806,80,11,138,63,F
Rockey,Bhandari,4,5,5,6,195,1,0,0,1,1,4,55,65,60,57,51,57,68,50,29,68,50,56,50,52,275,33295,81,25,86,58,F
Charlie,Hooker,4,5,3,6,185,1,1,0,1,1,5,59,67,65,42,43,56,82,44,32,73,50,55,50,54,275,3,82,25,82,58,F
Mike,Charbonneau,2,0,7,8,210,1,0,0,6,6,3,40,51,39,78,68,68,63,59,20,50,50,72,73,66,310,56267,83,31,161,63,F
Nick,Church,2,0,7,10,230,2,0,0,20,12,2,40,50,50,95,72,83,55,75,24,50,53,85,85,90,407,62621,84,72,230,75,C
Sebastian,Härpäke,4,5,2,11,220,6,1,0,1,1,4,52,77,59,83,57,51,66,49,34,80,53,51,50,50,310,25953,85,11,128,63,F
Cam,Jameson,4,3,5,5,199,2,0,0,1,1,6,54,63,62,59,52,59,67,43,29,71,50,55,50,54,275,58929,86,25,90,58,F
Adam,Cushen,3,5,3,6,174,1,1,0,20,7,3,72,94,91,43,61,51,85,65,31,50,69,79,50,58,410,1634,87,82,158,75,B
Doug,Neveu,3,4,4,10,235,1,0,0,12,8,2,77,77,67,72,65,64,87,52,41,50,56,67,50,61,410,66,88,81,177,75,B
Tom,Corcoran,3,5,5,7,195,2,0,0,1,1,9,60,73,70,54,50,59,68,40,27,50,50,55,50,50,275,56266,89,25,92,58,F
Jason,Gill,3,5,2,7,185,2,1,0,1,1,10,60,70,70,50,45,50,77,48,29,50,56,59,50,55,275,39962,90,25,84,58,F
Valts,Pavasars,3,5,3,7,185,14,1,0,1,1,1,65,75,76,58,48,55,75,50,33,50,50,58,50,53,310,62959,91,35,124,63,E
Laurence,Chan,3,5,3,6,175,2,0,0,1,1,2,62,72,81,57,46,56,78,52,29,50,50,58,50,52,310,195,92,33,123,63,F
Anthony,Rossi,4,5,4,17,250,2,0,0,1,1,4,63,82,63,30,43,72,68,34,39,79,50,82,50,59,313,103,93,10,135,63,F
Dustin,Klavon,5,3,2,5,175,2,0,0,1,1,4,51,72,69,56,48,53,69,47,30,52,57,63,50,51,275,44211,94,25,82,58,F
Brandon,Vizenor,5,3,0,8,200,2,0,0,1,1,5,53,61,63,50,47,65,61,47,20,50,53,72,77,50,275,2784,95,25,105,58,F
Terry,Porter,5,3,5,5,175,1,1,0,1,1,6,58,66,68,58,51,57,66,47,29,53,50,56,50,53,275,56602,96,25,92,58,F
Ken,Meredith,1,0,5,9,215,1,1,0,17,2,1,80,80,68,80,100,100,70,75,40,80,70,73,60,77,479,5263,97,89,156,84,A
Tristan,Mayer,4,0,1,8,180,2,0,0,18,10,3,83,91,87,30,55,45,87,80,41,86,56,76,50,85,425,41633,98,82,165,77,B
Emiliano,Gianino,2,0,8,10,200,11,1,0,1,1,3,44,68,69,57,56,59,61,53,25,50,61,62,50,53,275,46964,99,25,85,58,F
Adam,Stark,5,3,4,10,205,2,0,0,12,2,5,85,85,75,80,61,71,87,70,20,50,52,77,50,50,461,3768,100,45,262,81,D
Ryan,Czerkawski,3,5,1,3,168,1,0,0,19,9,2,93,80,69,64,68,54,103,48,38,53,69,58,51,69,431,116,101,87,195,78,A
Axel,Wulf,5,3,1,9,195,17,0,0,1,1,4,75,76,79,38,52,50,78,49,24,50,58,59,50,63,310,29616,102,31,133,63,F
Matej,Krnoul,3,4,2,7,180,4,0,0,5,12,4,44,78,63,53,62,48,73,39,39,65,78,63,52,68,310,22164,103,30,115,63,F
Jake,Dillon,1,0,5,10,215,2,1,0,1,1,1,83,83,59,85,85,90,69,81,20,79,53,55,50,50,434,30174,104,65,165,78,C
Mattias,Svensson,2,0,8,8,200,5,1,0,4,4,4,36,80,72,80,69,52,75,50,35,50,50,96,50,50,366,17,105,53,161,70,D
Joey,Bowen,3,4,1,12,225,11,1,0,1,1,7,73,73,82,39,45,52,84,48,21,50,50,67,53,55,310,2855,106,11,155,63,F
Eric,Vincent,1,0,5,7,185,1,1,0,10,2,1,78,78,69,78,85,88,74,78,48,72,56,74,50,72,434,32,107,74,119,78,B
Pepe,Gringolaza,5,4,3,10,205,11,0,0,1,1,5,60,71,67,38,48,50,71,58,20,52,60,66,50,58,275,50232,108,25,89,58,F
Shaun,Mahe,3,5,5,9,210,1,1,0,1,1,9,57,72,65,60,52,62,70,49,24,66,50,63,52,51,310,1421,109,11,151,63,F
Stephan,Levesque,2,0,7,13,250,1,1,0,2,12,2,33,66,43,70,63,72,50,52,20,50,83,75,83,64,310,4611,110,32,143,63,F
Eric,Harm'em,3,5,2,9,215,2,0,0,12,5,3,94,104,104,50,58,54,104,56,43,50,53,82,50,72,491,257,111,50,282,85,C
Zachary,Alexander,4,0,2,5,190,2,1,0,12,2,6,30,72,72,55,48,54,73,43,32,85,50,58,50,63,275,1513,112,25,78,58,F
Jorens,Stepanovs,4,3,1,7,195,14,1,0,1,1,3,63,71,70,41,42,52,72,47,38,79,50,59,50,52,275,28931,113,25,64,58,F
Amirudin,Fauzi,4,5,3,5,175,11,0,0,1,1,4,60,70,67,50,46,49,79,44,29,70,50,55,50,55,275,49943,114,25,81,58,F
Suber,Dahir,4,5,5,5,175,1,1,0,1,1,7,61,71,71,57,51,58,73,47,28,72,50,60,50,52,310,60100,115,22,128,63,F
Jan,Holiencin,4,3,5,6,175,8,1,0,1,1,6,56,66,66,55,49,57,69,44,31,70,50,56,50,51,275,6664,116,25,83,58,F
Richard,Nash,4,5,1,6,175,14,1,0,1,1,7,68,71,72,47,45,50,72,45,29,71,50,56,50,51,275,33684,117,25,78,58,F
Tito,Explosion,3,5,4,1,170,1,0,0,1,1,3,41,73,65,75,65,77,94,55,28,50,65,90,50,50,422,179,118,88,195,77,A
Rocky,Nijjer,3,5,1,7,185,1,0,0,1,1,8,79,81,78,54,49,58,81,51,34,60,50,70,50,50,360,7,119,50,147,69,D
Josh,Tilson,3,5,4,6,175,1,0,0,1,1,9,60,65,67,57,48,61,68,41,25,52,50,62,52,50,275,30380,120,25,91,58,F
Ulises,Darko,4,3,2,6,180,1,0,0,1,1,3,45,65,50,76,56,63,64,50,26,71,55,75,50,53,310,62437,121,30,121,63,F
Jamie,Shimbashi,2,0,7,10,210,1,1,0,11,12,6,35,62,59,65,58,65,60,52,33,50,50,65,50,59,275,244,122,25,100,58,F
Kayla,Tasker,2,0,7,10,250,11,0,0,12,10,6,25,63,47,77,72,83,90,61,20,50,53,95,50,50,395,40545,123,73,193,73,C
Pavol,Richtarech,4,5,3,10,200,8,1,0,1,1,8,50,72,71,62,55,51,69,43,23,71,50,50,50,50,275,44809,124,25,83,58,F
Matt,Reynolds,2,0,8,7,193,11,0,0,22,9,9,71,82,69,70,65,67,68,55,48,50,78,72,50,76,410,3668,125,82,157,75,B
Devin,Duhn,4,0,5,9,205,1,0,0,6,3,5,57,83,77,88,63,73,74,56,32,89,70,69,50,50,437,1452,126,83,165,78,B
Brian,Tong,2,0,6,13,205,2,0,0,17,6,3,27,78,62,62,68,67,69,55,28,50,50,59,50,63,313,29198,127,11,164,63,F
Mike,Laine,2,0,8,9,185,1,1,0,8,1,7,70,90,80,57,57,61,76,62,39,50,50,47,50,57,360,48469,128,50,153,69,D
Brad,Philip,3,5,4,9,185,1,1,0,1,6,3,67,75,80,76,62,58,87,66,20,50,60,87,50,52,419,317,129,77,180,76,A
Chris,Briddon,4,5,9,5,185,11,0,0,1,1,8,55,65,65,50,44,61,70,44,20,69,54,61,63,51,275,62462,130,25,89,58,F
Bomber,Nakayama,3,5,1,5,175,1,0,0,1,1,6,75,83,82,65,55,50,83,46,39,50,51,64,50,50,360,49940,131,52,148,69,D
Chris,Neil,4,5,5,5,175,2,0,0,1,1,9,58,68,66,55,49,57,66,44,31,71,50,56,50,51,275,28002,132,25,83,58,F
Michael,McSparron,4,3,5,6,190,11,0,0,1,1,10,56,66,67,55,49,57,66,47,31,71,50,56,50,51,275,165,133,25,83,58,F
Steveo,Reynolds,5,4,1,5,235,11,0,0,1,1,9,70,67,74,52,45,58,69,48,20,54,64,70,66,52,310,38639,134,11,150,63,F
Toms,Ledainis,3,5,3,6,175,14,0,0,1,1,1,58,68,77,50,41,55,75,51,33,50,50,56,50,51,275,14058,135,25,90,58,F
Hynek,Latta,3,5,5,6,175,4,0,0,1,1,2,58,66,66,59,51,57,68,44,31,54,50,56,51,51,275,56553,136,25,89,58,F
Tom,James,2,0,8,6,175,11,0,0,1,1,10,57,68,70,60,58,61,67,53,28,50,58,61,50,59,310,21653,137,11,151,63,F
Filip,Valcak,3,5,1,7,180,8,0,0,1,1,3,72,72,72,47,45,52,71,48,29,50,50,56,50,51,275,49471,138,25,87,58,F
Niko,Mironenko,3,5,5,6,175,3,1,0,1,1,4,57,66,68,58,51,57,68,44,31,55,50,56,50,51,275,33960,139,25,92,58,F
Lockie,Lemieux,5,3,9,6,175,1,1,0,1,1,5,59,69,69,53,48,59,72,53,21,50,57,75,59,50,310,3574,140,33,137,63,F
Janis,Skribans,5,3,5,6,175,14,1,0,1,1,6,58,67,67,56,51,57,68,48,31,50,50,56,50,50,275,10522,141,25,91,58,F
Henri,Lukkarinen,5,3,3,6,190,6,1,0,1,1,7,65,78,86,46,36,58,78,51,34,52,50,67,50,51,310,48683,142,32,114,63,F
Lloyd,Osmond,5,3,3,6,175,1,0,0,1,1,8,59,66,72,56,50,56,67,45,32,50,50,57,50,52,275,23154,143,25,92,58,F
Ville,Savolainen,5,3,1,8,190,6,0,0,1,1,9,76,78,80,46,41,50,78,53,34,51,50,60,50,60,310,63586,144,32,121,63,F
Ryan,Lockhart,1,0,5,8,210,2,1,0,12,9,3,85,85,60,85,100,100,60,80,20,80,100,55,51,60,473,23340,145,88,154,83,A
Kel,Schwientek,2,0,7,14,260,11,0,0,1,1,8,28,61,63,75,53,68,64,59,33,50,63,77,53,59,310,38127,146,32,124,63,F
Noaabi,Luklev,5,3,5,9,195,2,1,0,29,10,2,87,93,87,30,71,45,97,58,26,50,57,87,50,71,431,65968,147,80,211,78,B
Jason,Andrzej,2,0,6,10,200,2,1,0,1,1,4,28,58,58,72,66,59,64,54,22,50,50,70,50,50,275,33424,148,25,102,58,F
Ben,Dolman,3,5,3,14,219,1,0,0,12,9,5,66,79,75,44,43,58,74,54,32,50,76,49,50,67,310,44454,149,33,119,63,F
Yanbo,Wang,3,5,1,6,180,1,1,0,2,2,7,50,85,76,82,58,50,101,40,20,50,50,63,50,50,363,5175,150,53,159,69,D
John,Snyder,4,3,4,9,210,2,1,0,1,1,3,53,63,57,50,47,61,68,48,20,72,51,73,54,50,275,53214,151,25,88,58,F
Conor,Thompson,4,3,3,6,185,1,1,0,1,1,6,72,77,81,40,38,50,79,46,37,85,53,63,50,55,310,4112,152,33,101,63,F
Jahid,Adam,2,0,8,11,210,14,1,0,1,1,3,38,81,62,69,57,62,70,55,26,50,60,63,50,52,310,41764,153,33,127,63,F
Lars,Wittgenstein,2,0,8,8,196,5,1,0,5,6,4,59,70,63,58,56,57,57,51,25,50,50,63,50,60,275,61594,154,25,95,58,F
Marek,Pala,5,3,1,9,210,4,1,0,13,2,9,94,95,95,92,65,61,95,60,20,50,56,45,50,50,470,14953,155,61,264,83,B
Jack,VonPackage,4,5,3,6,175,1,0,0,1,1,4,62,71,69,39,40,51,75,48,38,81,54,60,50,51,275,10564,156,25,62,58,F
Ryan,de Costa,4,5,5,6,185,1,1,0,1,1,5,48,61,58,66,56,57,82,47,32,80,52,58,50,55,310,39906,157,32,125,63,F
Venin,Fruikin,4,5,1,6,200,3,1,0,1,1,7,73,72,75,40,37,50,75,45,32,78,50,57,50,50,275,61639,158,25,68,58,F
Mike,Roseberry,5,3,1,9,214,1,0,0,11,10,2,84,64,86,40,63,45,81,68,40,50,53,89,50,60,383,4121,159,50,174,72,C
David,Broadwick,4,5,5,3,160,2,0,0,1,1,8,53,64,63,58,51,58,66,46,31,73,50,56,50,51,275,55479,160,25,81,58,F
Matthew,Lee,3,5,3,3,175,11,0,0,1,1,9,66,76,77,44,41,50,78,46,25,50,50,60,50,52,275,5183,161,25,88,58,F
Victor,Hughart,3,0,5,7,185,1,1,0,6,8,5,57,66,66,60,52,62,78,63,33,63,50,73,50,51,343,14086,162,22,163,67,F
Nick,Bolduc,2,0,8,6,185,1,1,0,1,1,1,45,65,65,60,59,59,57,50,24,50,56,69,52,53,275,60866,163,25,89,58,F
C.J.,Hennighausen,3,5,2,3,185,2,1,0,1,1,2,40,73,60,66,56,57,71,43,24,50,50,61,50,50,275,42728,164,25,99,58,F
Arthur,Grosberg,3,5,1,6,185,14,1,0,1,1,3,75,71,77,44,42,52,70,43,32,60,50,57,50,51,275,65281,165,25,78,58,F
Nick,Forsberg,3,5,1,6,185,5,0,0,1,1,4,75,72,75,44,38,52,76,45,35,50,50,56,50,52,275,59806,166,25,81,58,F
Ainis,Broks,3,5,3,6,185,14,1,0,1,1,5,67,75,76,46,44,53,84,53,33,54,51,59,50,55,310,22761,167,10,147,63,F
Matt,Smith,5,3,1,9,197,11,0,0,18,2,6,76,84,78,40,41,49,76,53,29,50,65,64,50,59,310,4755,168,32,113,63,F
Philippe,Milette,2,0,6,7,205,1,0,0,1,9,5,25,81,81,86,75,77,68,68,48,50,53,81,50,62,431,65822,169,70,214,78,C
Matthew,Boragina,4,5,2,5,192,1,1,0,1,1,5,54,70,70,47,48,54,69,46,24,72,51,64,50,51,275,55696,170,25,81,58,F
Paul,Wheeler,3,4,4,8,190,11,0,0,1,1,10,61,73,75,33,54,58,74,48,21,66,68,58,70,50,310,21553,171,33,131,63,F
Marcelo,Menezes,5,4,2,2,165,11,0,0,1,1,8,67,75,72,47,45,53,77,53,25,77,50,60,52,60,310,25756,172,10,143,63,F
Ignacio,Marino,2,0,0,10,235,11,0,0,13,12,3,46,45,87,82,70,75,82,66,30,50,60,92,81,67,443,14540,173,85,221,79,A
Ryan,Waxman,4,5,5,9,195,1,1,0,1,1,9,52,62,63,66,56,55,72,49,21,76,57,71,50,51,310,28785,174,11,143,63,F
Reinis,Lillais,2,0,8,8,210,14,1,0,1,1,2,52,65,63,65,56,55,62,53,21,50,50,65,50,55,275,43513,175,25,95,58,F
Miika,Kemppinen,3,4,3,6,200,6,1,0,6,11,1,92,96,96,65,67,57,98,65,20,55,86,65,50,50,485,28,176,85,218,84,A
Lawrence,Cuffey,1,0,5,17,180,1,1,0,4,2,3,90,90,90,90,100,105,90,90,20,90,60,56,50,51,521,42507,177,78,192,89,A
Guillermo,Cervantes,3,5,3,6,202,11,0,0,1,1,2,68,78,76,51,45,53,78,51,20,50,50,68,50,55,310,24055,178,22,140,63,F
Eduards,Ezers,5,3,5,9,220,14,0,0,1,1,2,58,67,59,58,47,55,73,45,32,60,51,58,52,55,275,55161,179,25,87,58,F
Kristian,Olofsson,3,5,1,11,238,5,0,0,7,11,2,74,58,84,34,63,45,73,45,20,50,50,84,50,66,313,43918,180,10,164,63,F
Fredd,Da Silva,4,5,2,7,195,1,1,0,1,1,1,70,87,88,51,49,58,88,57,26,96,53,61,52,53,389,245,181,72,125,72,C
Phil,Alkievicz,4,3,3,10,205,18,1,0,16,5,6,53,87,80,70,42,49,84,35,22,90,50,69,55,50,330,105,182,43,110,65,E
Tyler,Hetherington,2,0,8,11,220,1,0,0,23,12,6,73,81,52,74,64,74,46,45,20,83,68,52,50,51,333,319,183,41,109,65,E
Nikolai,Yakushkin,3,5,4,13,258,3,1,0,24,12,7,28,37,47,79,62,73,82,50,28,50,50,77,50,55,310,58129,184,31,159,63,F
Valeriy,Yakushkin,5,3,0,14,260,3,1,0,24,12,1,25,35,35,74,61,73,80,57,36,50,50,80,83,50,310,44853,185,31,163,63,F
Bobby,Boucher,5,3,2,12,215,1,1,0,7,2,3,70,95,80,75,52,45,85,50,50,50,83,65,50,60,395,1,186,72,130,73,C
Ryan,Sassaman,4,3,1,3,170,11,0,0,1,1,4,70,70,75,44,42,52,69,45,31,78,50,56,50,51,275,37,187,25,70,58,F
Paul,Korczyk,4,5,2,6,185,1,1,0,1,1,5,46,77,70,57,46,54,70,43,30,71,57,56,50,51,275,18,188,25,77,58,F
Raivis,Groskaufmai,4,5,5,3,160,14,0,0,1,1,6,52,63,62,57,51,58,67,46,32,77,50,58,50,51,275,28677,189,25,77,58,F
Grzegorz,Kociuba,3,5,1,6,175,18,0,0,1,1,7,74,71,78,46,42,51,74,47,34,54,50,47,50,53,275,2547,190,25,79,58,F
Joe,Iusi,3,5,3,6,185,1,1,0,1,1,8,59,66,70,58,52,53,67,46,25,50,55,59,50,52,275,14,191,25,93,58,F
Wandrille,Leskowsky,5,4,3,6,185,2,0,0,1,1,9,72,79,87,39,38,49,83,51,29,83,53,53,50,55,310,50352,192,11,125,63,F
Matt,Ackerman,3,5,5,3,205,1,0,0,17,9,3,52,76,78,78,62,45,84,55,34,50,50,79,50,59,369,125,193,20,196,70,E
Delryk,Levesque,4,5,4,11,242,1,1,0,28,1,1,50,75,70,70,58,59,75,55,40,96,73,65,50,70,383,2623,194,70,133,72,C
Tuukka,Aaltonen,2,0,7,15,250,6,1,0,1,1,5,32,50,44,68,61,70,59,57,20,50,55,76,58,58,275,65878,195,25,110,58,F
Aleksis,Staprans,2,0,7,10,200,14,0,0,9,2,4,46,76,76,71,71,75,71,77,57,50,60,97,50,50,443,33804,196,66,197,79,A
Jordan,Kasper,4,3,5,6,194,1,1,0,22,9,4,90,104,80,77,72,45,77,58,50,97,91,69,50,78,497,44,197,35,250,86,E
Kyle,Peters,4,5,4,12,240,1,0,0,4,12,2,83,86,81,30,56,75,86,56,41,92,70,91,50,66,455,34253,198,87,186,81,A
Igor,Polzin,2,0,6,10,195,18,1,0,10,5,4,50,62,66,73,67,63,80,61,48,50,70,64,50,77,380,35450,199,72,144,71,C
Kevin,MacDonald,5,3,3,5,190,2,1,0,1,1,1,57,67,63,62,51,57,70,44,25,50,56,55,50,52,275,306,200,25,89,58,F
Shane,Kelley,5,3,5,9,180,1,0,0,27,6,7,51,77,82,77,65,75,77,41,20,50,56,77,50,58,395,13759,201,82,170,73,B
Jesse,Burk,4,5,3,6,170,1,1,0,27,3,1,70,78,70,54,55,53,68,50,20,62,50,63,50,55,310,163,202,30,129,63,F
Joshua,Hendricks,4,3,5,10,200,1,0,0,14,1,2,54,63,60,55,53,59,60,45,34,76,50,60,50,61,275,34485,203,25,84,58,F
Marek,Rojícek,4,3,2,8,190,4,0,0,1,1,5,58,74,70,55,46,52,70,42,30,71,54,55,50,50,275,397,204,25,73,58,F
Jon,Anderson,4,5,1,6,185,2,1,0,1,1,6,69,61,67,59,47,50,70,43,32,76,50,56,50,51,275,509,205,25,72,58,F
Alexander,Ursu,5,3,4,9,205,10,0,0,28,6,10,35,79,93,74,56,81,79,70,20,50,79,35,99,50,407,1604,206,83,196,75,B
Marcus,Evans,5,3,1,6,200,1,1,0,1,1,3,66,62,78,53,46,57,67,47,30,50,50,57,50,50,275,44698,207,25,86,58,F
Félix,Lévesque,3,5,3,9,195,2,0,0,2,10,5,71,75,71,52,54,45,73,50,37,50,50,69,50,59,310,5210,208,30,123,63,F
Tomasz,Kodlubaj,3,5,5,9,215,18,1,0,1,1,9,57,65,65,60,52,59,66,44,30,54,50,56,50,51,275,5459,209,25,91,58,F
Xaiver,Laflamme,3,5,4,7,195,1,1,0,1,1,10,57,66,67,57,42,59,66,52,21,50,53,70,50,51,275,56569,210,25,93,58,F
Joseph,Broderick,3,5,5,7,185,1,1,0,1,1,1,61,68,68,63,54,58,72,49,32,55,50,59,50,54,310,53440,211,33,126,63,F
Janis,Grevels,3,5,5,8,190,14,0,0,1,1,2,58,64,63,60,52,59,66,45,31,54,50,56,50,52,275,28841,212,25,94,58,F
Lassi,Aho,3,5,1,10,220,6,1,0,22,11,1,94,80,104,30,75,45,104,50,41,50,60,95,50,72,467,2753,213,87,221,82,A
Chris,Mininni,5,3,9,7,190,1,1,0,1,1,3,58,69,75,58,43,60,74,48,22,50,59,70,67,51,310,806,214,11,157,63,F
Robert,Jeppson,5,3,1,6,185,11,1,0,1,1,4,76,73,77,52,45,53,75,45,26,59,50,67,50,51,310,71,215,31,118,63,F
Lauris,Prikulis,5,0,3,8,190,14,1,0,26,1,6,71,72,78,54,59,52,81,53,29,50,50,35,50,51,310,50887,216,10,157,63,F
Jonas,Tronsgaard,4,3,2,6,230,9,0,0,8,9,6,25,84,76,63,63,80,95,59,31,99,60,82,50,50,437,5,217,88,170,78,A
Sim,Baril,5,3,5,6,205,1,0,0,11,9,6,78,94,91,84,59,68,61,40,20,50,83,55,60,60,407,42908,218,70,180,75,C
Walter,Lawrence,4,5,3,9,200,2,1,0,22,7,3,76,86,80,65,62,65,70,55,43,80,53,35,50,62,383,4858,219,71,143,72,C
Jára,Cimrman,4,5,3,6,188,4,0,0,1,1,2,86,101,96,68,67,45,97,69,24,87,87,69,50,50,491,55581,220,85,199,85,A
Matt,Kinney,4,3,1,10,195,1,1,0,2,6,1,81,74,83,68,54,64,82,63,31,78,53,80,50,50,425,214,221,70,183,77,C
Marty,Thompson,3,5,5,3,180,1,1,0,1,1,3,60,70,68,61,58,47,70,59,30,50,72,57,53,54,310,7968,222,31,117,63,F
Julien,Baril,2,0,8,10,200,1,0,0,23,6,4,67,91,75,80,69,67,84,67,29,50,83,76,50,60,461,36719,223,85,194,81,A
Wyatt,Gallagher,4,3,2,6,185,2,0,0,1,1,10,56,89,96,63,52,55,86,59,45,82,54,66,50,51,404.5,16,224,45,167,74,D
Romaric,Slates,4,3,3,8,185,1,1,0,4,12,1,61,66,66,53,47,48,67,51,34,77,50,58,50,61,275,38090,225,25,72,58,F
Brian,Harrison,5,3,1,7,230,1,1,0,1,1,2,77,71,76,30,36,53,83,62,28,50,56,75,50,62,310,59786,226,31,124,63,F
Trevor,Cardinal,3,5,1,7,199,1,1,0,25,1,7,84,69,82,54,66,53,89,60,31,50,65,68,50,61,401,224,227,70,173,74,C
Vince,Séguin,4,5,3,7,170,1,0,0,21,5,3,59,68,62,50,50,59,63,47,25,71,54,59,50,54,275,4913,228,25,87,58,F
Patrick,Devine,4,5,5,8,210,2,0,0,1,1,3,55,66,67,56,51,61,70,49,32,74,50,68,50,55,310,426,229,32,119,63,F
Elvis,Pancileiko,4,5,5,7,200,14,1,0,1,1,4,56,66,66,59,49,57,65,42,32,71,50,58,50,51,275,16034,230,25,81,58,F
Markus,Antalick,3,5,5,7,185,2,0,0,1,1,5,56,66,69,55,49,60,69,41,32,51,50,60,50,51,275,40317,231,25,92,58,F
Davis,Precelis,3,5,5,6,185,14,1,0,1,1,6,58,68,66,60,51,57,67,40,32,54,50,58,50,52,275,39307,232,25,93,58,F
Ed,Kimberley,3,5,9,8,200,11,1,0,21,11,7,55,53,63,62,51,67,68,48,31,50,50,72,75,57,310,77230,233,10,174,63,F
Scott,Edmonds,3,5,5,7,185,1,1,0,1,1,8,57,63,65,61,51,52,80,39,40,50,53,52,50,50,275,143,234,25,84,58,F
Jason,Anthony,5,3,3,7,185,1,1,0,1,1,9,68,78,81,42,40,53,83,50,40,50,53,64,50,51,310,45663,235,22,123,63,F
Eric,Petrin,5,3,2,7,185,1,1,0,1,1,10,52,73,70,56,47,54,70,44,40,50,51,61,50,50,275,243,236,25,86,58,F
Ryan,DeCosta,5,3,5,7,190,2,0,0,1,1,1,49,60,60,55,49,59,69,55,30,60,50,65,50,50,275,53297,237,25,89,58,F
Mac,Hooper,5,3,3,7,189,11,0,0,1,1,2,63,72,70,47,45,55,75,42,34,50,50,58,50,54,275,57362,238,25,86,58,F
Jorge,Bernardo,5,3,5,5,180,11,1,0,25,9,3,65,81,77,67,58,59,70,53,35,50,53,75,50,84,380,30068,239,70,154,71,C
Josh,Bailie,2,0,6,7,190,1,0,0,1,1,4,49,60,60,58,59,59,63,52,40,50,50,63,50,53,275,290,240,25,84,58,F
Robert,Andersson,1,0,5,11,211,5,0,0,4,9,10,85,85,70,87,95,104,50,87,20,80,60,55,50,50,455,62471,241,89,155,81,A
Nick,Becker,2,0,6,8,200,1,1,0,1,1,2,56,55,45,71,68,61,69,52,22,50,52,71,63,56,310,40303,242,31,149,63,F
Jørgen,Nyrud,3,4,2,7,200,9,0,0,1,1,10,59,79,74,50,49,47,74,59,30,67,71,52,50,61,310,23774,243,11,131,63,F
Jon,Rowson,2,0,7,11,220,8,0,0,9,5,1,25,92,35,99,78,83,99,72,69,50,60,89,50,50,485,3039,244,87,227,84,A
Dušan,Strašila,3,5,3,7,170,8,0,0,1,1,4,69,69,77,48,50,45,77,48,24,50,50,53,50,50,275,44444,245,25,91,58,F
Alex,Krogars,4,3,4,10,190,6,1,0,22,6,3,60,83,61,30,50,70,70,37,37,76,50,78,50,58,316,15970,246,10,142,63,F
Kristian,Marosi,5,3,1,7,175,5,1,0,10,6,1,88,83,98,30,72,45,98,56,29,50,56,98,50,60,440,594,247,82,205,79,B
Antti,Laurila,2,0,8,9,200,6,1,0,30,6,1,80,95,85,85,66,62,86,55,40,50,60,55,50,70,449,393,248,87,199,80,A
Johan,Bengtsson,4,3,4,6,190,5,0,0,29,11,4,57,87,66,82,65,74,71,61,51,99,77,81,50,69,470,414,249,61,221,83,B
Gabriel,Weissengel,1,0,5,11,200,17,0,0,1,1,8,65,65,50,65,65,65,50,54,26,63,50,55,50,60,275,51358,250,35,67,58,F
Fredrik,Hammarbäck,4,3,2,3,180,5,1,0,1,1,10,47,64,61,69,55,55,71,54,20,84,50,69,50,58,310,531,251,33,118,63,F
Markus,Helldörfer,2,0,6,10,210,10,0,0,2,9,3,54,64,62,61,58,62,59,51,28,51,50,58,50,54,275,349,252,25,96,58,F
Ilya,Sarin,4,0,5,14,238,3,1,0,13,3,5,67,77,85,70,47,52,83,54,31,82,53,78,50,57,380,149,253,73,121,71,C
Jacob,Haraldsson,4,3,1,7,195,5,1,0,1,1,4,76,67,75,49,46,50,79,48,34,73,50,62,50,51,310,6581,254,31,112,63,F
Edijs,Kuklis,4,5,5,8,185,14,0,0,1,1,5,53,64,63,58,51,57,66,47,32,71,50,57,50,52,275,53466,255,25,81,58,F
Mihai,Coman,2,0,8,9,198,11,0,0,1,1,5,45,66,67,69,61,61,65,49,20,50,57,73,50,64,310,3559,256,31,133,63,F
Miroslav,Toman,4,5,5,7,180,8,1,0,1,1,6,53,64,63,57,51,58,67,46,31,71,50,57,50,54,275,51316,257,25,79,58,F
Mattias,Fors,4,3,5,7,185,5,1,0,1,1,7,54,64,63,57,49,58,68,47,32,73,50,55,50,50,275,6171,258,25,77,58,F
Pete,Schwadel,3,5,3,6,185,2,0,0,1,1,8,71,82,88,40,41,50,80,50,33,52,50,63,50,54,310,82,259,32,117,63,F
Alexander,Nilsson,2,0,6,9,203,5,1,0,16,5,3,41,58,60,64,63,65,56,51,46,50,50,87,50,68,310,3644,260,31,125,63,F
Antti,Kuittinen,3,5,1,8,190,6,1,0,1,1,10,67,69,70,50,45,55,70,46,32,54,50,56,50,55,275,12,261,25,85,58,F
Kenneth,Lehtinen,5,3,5,8,195,6,1,0,12,6,4,46,56,57,64,65,62,61,46,46,50,50,87,50,50,310,119,262,30,130,63,F
Michael,Nortan,5,3,3,8,190,1,1,0,1,1,2,57,70,70,42,35,68,65,55,23,50,53,73,50,50,275,49165,263,25,89,58,F
Dairis,Geida,3,5,5,8,185,14,1,0,1,1,4,61,71,61,62,52,65,69,46,29,50,50,65,50,59,310,15480,264,32,137,63,F
Freddy,Doll,4,3,1,11,220,2,0,0,1,1,1,64,59,60,50,46,56,74,45,21,70,55,53,58,71,275,59013,265,25,94,58,F
Henry,Kruell,3,5,1,8,215,2,0,0,31,1,3,94,104,104,50,40,45,104,62,30,50,60,104,50,51,455,57901,266,87,184,81,A
Kyle,Mundell,2,0,8,7,170,1,0,0,1,1,6,60,77,66,55,54,52,66,51,25,50,55,53,50,54,275,55453,267,25,85,58,F
Troy,Speelman,2,0,8,8,220,1,1,0,22,5,1,92,76,71,82,59,69,83,77,41,50,96,76,50,80,485,191,268,66,226,84,A
Tim,Cory,5,3,1,9,170,2,0,0,29,11,2,94,85,104,75,52,48,104,73,56,50,65,102,50,70,521,3217,269,65,269,89,A
Nigel,Connors,5,3,5,9,210,1,0,0,29,10,6,66,68,68,56,57,58,68,43,34,50,67,61,50,54,310,274,270,32,118,63,F
Chris,Baker,2,0,8,11,235,1,1,0,6,3,7,78,64,63,50,63,54,80,79,53,50,75,63,50,73,380,5028,271,71,132,71,C
Blaise,Leskowitz,2,0,8,8,200,1,0,0,11,5,1,88,94,72,82,64,75,83,73,45,50,60,76,50,56,488,53337,272,88,231,85,A
Edward,Eldred,2,0,8,9,225,11,0,0,7,11,6,64,73,73,68,62,67,64,68,37,50,57,69,50,50,369,157,273,32,172,70,E
Rob,Sattler,3,5,3,8,210,2,0,0,12,5,6,75,84,81,30,53,45,66,57,40,50,81,55,50,60,310,3172,274,32,97,63,F
Jay,Mambo-Franzmeier,3,4,3,10,183,2,1,0,7,2,6,54,62,63,66,48,60,61,55,35,56,63,68,68,66,310,61826,275,11,153,63,F
Jason,Placido,4,3,2,9,192,12,0,0,16,6,3,53,75,70,63,56,55,79,50,37,76,59,52,50,72,339,43583,276,21,154,66,E
Adam,McArthur,1,0,5,11,200,2,1,0,19,12,1,94,95,50,99,104,109,62,73,20,52,60,55,50,50,461,21879,277,88,164,81,A
Ray,Laing,4,5,4,7,200,1,1,0,13,12,2,52,55,61,56,47,65,63,49,30,70,50,66,50,60,275,2481,278,25,82,58,F
Adam,Stevens,4,5,1,6,185,2,0,0,1,1,1,71,67,75,49,41,53,75,62,21,69,50,62,60,60,310,34,279,31,128,63,F
Giedrius,Pradkelis,4,3,5,6,185,11,0,0,1,1,2,53,64,63,58,51,58,68,46,25,73,50,56,50,51,275,38693,280,25,90,58,F
Alex,Baudais,4,5,5,6,175,1,0,0,1,1,3,47,79,69,56,48,55,71,40,27,71,54,55,50,50,275,1471,281,25,82,58,F
Matthew,Gosselin,5,3,2,9,175,1,0,0,17,12,3,51,76,81,30,66,45,71,63,28,50,50,70,50,72,313,2489,282,22,149,63,F
William,Schifelbine,3,5,5,7,175,2,0,0,1,1,3,64,71,72,72,59,45,77,45,20,50,50,60,50,52,310,341,283,33,133,63,F
Miikka,Karppinen,5,3,5,6,185,6,1,0,1,1,8,49,74,69,58,51,56,70,43,30,50,50,57,50,51,275,52109,284,25,92,58,F
Craig,Waldick,3,5,1,11,220,1,0,0,18,3,1,94,95,104,50,52,45,104,60,50,50,60,77,50,75,461,230,285,88,190,81,A
Matt,Millage,5,3,2,6,185,2,1,0,1,1,7,46,78,74,57,48,52,73,46,29,50,54,56,50,51,275,3664,286,25,85,58,F
Dustin,Goodwin,5,3,3,9,215,2,0,0,1,1,9,69,79,82,67,56,61,80,57,32,50,53,67,50,53,380,4248,287,71,143,71,C
Brandon,McGraw,5,3,5,3,200,1,1,0,1,1,10,58,67,69,63,54,59,72,49,34,56,50,59,50,53,310,39338,288,31,129,63,F
Chris,Hie,2,0,8,12,200,1,1,0,1,1,10,52,63,73,64,59,59,66,56,29,50,50,71,50,51,310,59,721,32,126,63,F
Daniel,Batres,2,0,8,13,240,2,0,0,1,1,1,28,57,54,74,63,75,58,52,20,50,52,81,78,50,310,123,722,22,162,63,F
Geordie,Carragher,2,0,8,3,190,1,0,0,1,1,2,65,77,75,51,56,53,78,56,38,50,51,47,50,51,310,334,723,32,118,63,F
Boris,Thundra,2,0,6,5,195,15,1,0,1,1,3,53,64,64,60,57,59,59,49,31,50,50,65,51,51,275,59501,724,25,87,58,F
Jens,Kidman,2,0,8,11,200,6,0,0,1,1,4,28,58,54,74,60,74,57,55,20,50,55,85,78,50,310,55084,725,32,147,63,F
Alec,Donald,2,0,6,6,195,1,0,0,1,1,5,56,61,56,70,59,68,63,50,32,50,62,69,50,51,310,45106,726,33,119,63,F
Edward,Cash,1,0,5,7,225,2,1,0,1,1,9,63,62,56,62,65,65,57,48,37,64,50,55,53,59,275,56121,727,35,54,58,F
Craig,Bailey,1,0,5,7,200,2,1,0,1,1,5,62,62,50,62,63,62,62,64,30,59,50,65,50,55,275,4706,728,35,46,58,F
Scott,Caddy,1,0,5,7,200,2,1,0,1,1,5,62,62,50,62,63,62,62,64,30,59,50,65,50,55,275,3968,729,35,46,58,F
Brad,Armstrong,2,0,8,7,200,1,0,0,1,1,5,50,60,60,55,54,59,64,59,30,60,50,65,50,50,275,4136,730,25,86,58,F
Boone,Douglas,2,0,7,7,200,1,1,0,1,1,5,50,60,60,55,54,59,64,59,30,60,50,65,50,50,275,23941,731,25,88,58,F
Ryan,Fields,2,0,6,7,200,1,0,0,1,1,5,50,60,60,55,54,59,64,59,30,60,50,65,50,50,275,12987,732,25,88,58,F
David,Rutka,2,0,6,7,200,2,0,0,1,1,5,50,60,60,55,54,59,64,59,30,60,50,65,50,50,275,4991,733,25,85,58,F
Tim,Woodward,3,0,3,7,200,2,0,0,1,1,5,50,60,60,55,49,59,69,54,30,60,50,65,50,50,275,5281,734,25,90,58,F
Connor,Rittan,3,0,9,7,200,1,0,0,1,1,5,50,60,60,55,49,59,69,54,30,60,50,65,50,50,275,53440,735,25,92,58,F
Sebastian,Jacob,3,0,0,7,200,10,1,0,1,1,5,50,60,60,55,49,59,69,54,30,60,50,65,50,50,275,448,736,25,92,58,F
Ryan,Hearne,3,0,4,7,200,1,1,0,1,1,5,50,60,60,55,49,59,69,54,30,60,50,65,50,50,275,2854,737,25,94,58,F
Allen,Cole,4,0,4,7,200,2,0,0,1,1,5,50,60,60,55,49,59,69,54,30,60,50,65,50,50,275,41615,738,25,91,58,F
Patrick,Laverdiere,4,0,9,7,200,1,1,0,1,1,5,50,60,60,55,49,59,69,54,30,60,50,65,50,50,275,5471,739,25,91,58,F
Jeremy,Andrews Jr.,4,0,0,7,200,2,0,0,1,1,5,50,60,60,55,49,59,69,54,30,60,50,65,50,50,275,6068,740,25,90,58,F
Antti,Krogars,4,0,0,7,200,6,1,0,1,1,5,50,60,60,55,49,59,69,54,30,60,50,65,50,50,275,29464,741,25,88,58,F
Alvis,Jurkevics,5,0,0,7,200,14,1,0,1,1,5,50,60,60,55,49,59,69,54,30,60,50,65,50,50,275,28195,742,25,88,58,F
Scott,Minta,5,0,9,7,200,2,1,0,1,1,5,50,60,60,55,49,59,69,54,30,60,50,65,50,50,275,11662,743,25,88,58,F
Kristers,Rucis,5,0,1,7,200,14,1,0,1,1,5,50,60,60,55,49,59,69,54,30,60,50,65,50,50,275,15808,744,25,86,58,F
Kevin,Woodward,5,0,0,7,200,1,1,0,1,1,5,50,60,60,55,49,59,69,54,30,60,50,65,50,50,275,38557,745,25,86,58,F
Jeffrey,Pelletier,5,0,1,7,200,1,0,0,1,1,5,50,60,60,55,49,59,69,54,30,60,50,65,50,50,275,3840,746,25,87,58,F
Jill,Chambers,5,3,3,3,155,1,0,0,1,1,5,62,81,72,58,51,57,72,46,32,50,50,59,50,55,310,76,747,10,150,63,F
Gianni,Bianchi,5,4,4,7,220,1,0,0,4,9,10,55,75,67,62,51,67,62,34,28,58,58,68,68,53,310,296,748,30,135,63,F
Jean-Luc,Pinsent,2,0,6,5,185,1,1,0,1,1,7,52,59,58,63,64,66,64,56,20,50,50,73,57,51,310,94,749,10,165,63,F
Gerard,Pastorius,2,0,6,6,190,1,1,0,1,1,8,44,61,68,69,63,62,61,58,33,50,62,65,50,56,310,140,750,30,122,63,F
Matthew,Danson,2,0,7,10,200,11,0,0,1,1,9,48,55,52,66,54,66,61,52,20,50,50,75,57,52,275,70,751,25,100,58,F
Pete,Giebler,2,0,8,9,165,2,1,0,1,1,10,63,73,67,57,56,55,61,47,31,50,50,55,50,50,275,40,752,25,84,58,F
Miroslav,Chovancik,1,0,5,7,200,8,1,0,1,1,5,62,62,52,62,63,62,60,64,30,59,50,65,50,55,275,5058,753,35,46,58,F
Alex,Gerwitz,1,0,5,7,200,2,1,0,1,1,5,62,62,52,62,63,62,60,64,30,59,50,65,50,55,275,5122,754,35,46,58,F
Florian,Kasdorf,2,0,7,7,200,10,1,0,1,1,5,50,60,60,55,54,59,64,59,30,60,50,65,50,50,275,5764,755,25,82,58,F
Nick,Kempf,2,0,8,7,200,2,0,0,1,1,5,50,60,60,55,54,59,64,59,30,60,50,65,50,50,275,40708,756,25,86,58,F
Clement,Ma,2,0,7,7,200,1,0,0,1,1,5,50,60,60,55,54,59,64,59,30,60,50,65,50,50,275,27849,757,25,84,58,F
Greg,Netherwood,2,0,6,7,200,1,0,0,1,1,5,50,60,60,55,54,59,64,59,30,60,50,65,50,50,275,3537,758,25,89,58,F
Boris,Sarkov,2,0,7,7,200,3,1,0,1,1,5,50,60,60,55,54,59,64,59,30,60,50,65,50,50,275,53545,759,25,86,58,F
David,Zetterman,2,0,7,7,200,5,1,0,1,1,5,50,60,60,55,54,59,64,59,30,60,50,65,50,50,275,6175,760,25,89,58,F
Patrick,Cooper,2,0,8,7,200,1,1,0,1,1,5,50,60,60,55,54,59,64,59,30,60,50,65,50,50,275,1905,761,25,86,58,F
Reece,Asquith-Jepson,2,0,8,7,200,11,0,0,1,1,5,50,60,60,55,54,59,64,59,30,60,50,65,50,50,275,36733,762,25,81,58,F
James,Byun,3,0,3,7,200,1,0,0,1,1,5,50,60,60,55,49,59,69,54,30,60,50,65,50,50,275,295,763,25,87,58,F
Greg,Gross,3,0,1,7,200,2,1,0,1,1,5,50,60,60,55,49,59,69,54,30,60,50,65,50,50,275,90,764,25,88,58,F
Brian,Harmon,3,0,1,7,200,2,0,0,1,1,5,50,60,60,55,49,59,69,54,30,60,50,65,50,50,275,15855,765,25,88,58,F
Kyle,Knight,4,0,4,7,200,1,1,0,1,1,5,50,60,60,55,49,59,69,54,30,60,50,65,50,50,275,41979,766,25,88,58,F
Risto,Lönnström,4,0,4,7,200,6,1,0,1,1,5,50,60,60,55,49,59,69,54,30,60,50,65,50,50,275,4678,767,25,87,58,F
Joe,Palkowski,4,0,2,7,200,2,0,0,1,1,5,50,60,60,55,49,59,69,54,30,60,50,65,50,50,275,51775,768,25,89,58,F
Kyle,Saunders,4,0,2,7,200,1,1,0,1,1,5,50,60,60,55,49,59,69,54,30,60,50,65,50,50,275,34834,769,25,89,58,F
Janis,Sturitis,4,0,0,7,200,14,1,0,1,1,5,50,60,60,55,49,59,69,54,30,60,50,65,50,50,275,8617,770,25,89,58,F
Guy,Villeneuve,3,5,3,3,170,1,1,0,1,1,7,68,78,97,42,40,51,82,48,34,50,50,58,50,55,310,61556,771,32,117,63,F
Christopher,Wong,5,3,3,2,160,1,0,0,1,1,4,46,94,100,75,50,45,104,48,39,50,53,58,50,50,380,23,772,73,132,71,C
Zack,Gagnon,5,3,4,12,199,1,0,0,1,1,9,57,58,67,51,41,65,70,45,21,51,51,75,52,52,275,34288,773,25,96,58,F
Niall,Donovan,2,0,6,6,185,11,0,0,1,1,7,49,62,63,63,59,62,71,48,28,50,50,48,50,51,275,54051,774,25,96,58,F
Lorne,Pearl,2,0,6,11,205,1,0,0,1,1,7,47,65,63,67,61,65,62,55,32,50,52,69,55,51,310,30,775,10,156,63,F
Chris,Doherty,2,0,6,12,200,1,1,0,1,1,8,50,61,63,61,59,61,58,50,31,50,51,65,52,50,275,18787,776,25,95,58,F
Antanas-Dominykas,Noreika,2,0,8,4,190,11,0,0,1,1,10,56,70,76,55,57,55,62,49,27,50,50,55,50,51,275,45735,777,25,91,58,F
Alan,Trainor,2,0,8,14,240,1,0,0,10,3,3,25,85,85,80,75,74,65,72,40,50,80,85,50,65,437,172,778,88,172,78,A
Andrei,Venachenko,2,0,7,14,240,3,1,0,1,1,10,45,55,50,74,61,71,63,57,20,50,51,77,58,52,310,15552,779,10,162,63,F
Matt,Farrell,1,0,5,7,180,1,1,0,1,1,9,64,64,54,71,65,60,53,55,28,58,50,55,53,63,275,525,780,35,64,58,F
Thomas,Hewton-Waters,1,0,5,7,200,1,1,0,1,1,6,63,63,50,62,62,62,61,64,30,59,50,65,50,55,275,84,781,35,52,58,F
Austris,Landmanis,1,0,5,7,200,14,0,0,1,1,6,63,62,50,62,63,62,60,64,30,59,50,65,50,55,275,7548,782,35,51,58,F
Shaun,O'Neill,2,0,7,7,200,1,1,0,1,1,6,50,60,60,55,54,59,64,59,30,60,50,65,50,50,275,92,783,25,89,58,F
Vyacheslav,Podosokorskiy,2,0,6,7,200,3,1,0,1,1,6,50,60,60,55,54,59,64,59,30,60,50,65,50,50,275,5841,784,25,89,58,F
Andrew,Tarver,2,0,6,7,200,1,0,0,1,1,6,50,60,60,55,54,59,64,59,30,60,50,65,50,50,275,11,785,25,89,58,F
Azdine,Treille,2,0,8,7,200,19,1,0,1,1,6,50,60,60,55,54,59,64,59,30,60,50,65,50,50,275,83,786,25,88,58,F
Taylor,Kretzul,2,0,8,7,200,1,1,0,1,1,6,50,60,60,55,54,59,64,59,30,60,50,65,50,50,275,3831,787,25,84,58,F
Luke,Huebner,2,0,7,7,200,1,0,0,1,1,6,50,60,60,55,54,59,64,59,30,60,50,65,50,50,275,133,788,25,83,58,F
Daniel,Courchene,3,0,3,7,200,1,1,0,1,1,6,50,60,60,55,49,59,69,54,30,60,50,65,50,50,275,4584,789,25,86,58,F
Johnny,Craiser,3,0,5,7,200,2,0,0,1,1,6,50,60,60,55,49,59,69,54,30,60,50,65,50,50,275,50893,790,25,88,58,F
Matthew,Morrow,3,0,0,7,200,2,1,0,1,1,6,50,60,60,55,49,59,69,54,30,60,50,65,50,50,275,44889,791,25,86,58,F
Joe,Roselli,4,0,3,7,200,2,0,0,1,1,6,50,60,60,55,49,59,69,54,30,60,50,65,50,50,275,28610,792,25,86,58,F
Patrick,Albanese,4,0,0,7,200,2,0,0,1,1,6,50,60,60,55,49,59,69,54,30,60,50,65,50,50,275,183,793,25,89,58,F
Zac,Abrams,5,0,3,7,200,2,0,0,1,1,6,50,60,60,55,49,59,69,54,30,60,50,65,50,50,275,168,794,25,89,58,F
Ben,Prengel,2,0,8,6,175,10,0,0,1,1,7,55,63,70,57,56,60,62,52,31,50,50,55,50,51,275,113,795,25,89,58,F
Brenden,Thompson,2,0,7,8,200,2,0,0,1,1,8,43,53,48,68,59,67,60,58,20,50,50,71,56,52,275,51176,796,25,101,58,F
Michael,Astorino,2,0,6,6,195,12,1,0,1,1,9,53,63,63,63,56,61,59,49,27,50,50,65,52,50,275,51199,797,25,90,58,F
Claudi,Casamitjana,2,0,6,7,155,11,0,0,2,3,1,35,75,69,80,69,62,90,45,20,50,60,75,50,50,369,88,798,20,202,70,E
Adam,Adaosk,2,0,6,7,195,1,0,0,1,1,1,52,61,63,63,57,61,60,49,27,50,50,65,53,50,275,36382,799,25,89,58,F
Kenny,Wright,2,0,7,8,185,2,0,0,1,1,2,50,60,61,64,54,65,57,53,21,50,50,69,57,51,275,28609,800,25,95,58,F
Jordon,Newall,1,0,5,7,200,1,0,0,1,1,2,62,63,50,62,63,62,60,64,30,59,50,65,50,55,275,5137,801,35,46,58,F
Erik,John,1,0,5,7,190,11,0,0,1,1,10,62,63,50,62,63,62,60,64,30,59,50,65,50,55,275,59929,802,35,53,58,F
Aly,Kaba,1,0,5,7,200,1,1,0,1,1,10,62,63,50,62,63,62,60,64,30,59,50,65,50,55,275,2478,803,35,46,58,F
Sascha,Schneider,2,0,8,7,200,10,0,0,1,1,10,50,60,60,55,54,59,64,59,30,60,50,65,50,50,275,46267,804,25,86,58,F
Cole,Sorensen,2,0,8,7,200,2,0,0,1,1,10,50,60,60,55,54,59,64,59,30,60,50,65,50,50,275,38322,805,25,84,58,F
Illari,Katanainen,2,0,7,7,200,6,0,0,1,1,10,50,60,60,55,54,59,64,59,30,60,50,65,50,50,275,,806,25,87,58,F
Nicolas,Ducharme,2,0,6,7,200,1,0,0,1,1,10,50,60,60,55,54,59,64,59,30,60,50,65,50,50,275,216,807,25,84,58,F
Fernando,Garcia,3,0,1,7,200,11,0,0,1,1,10,50,60,60,55,49,59,69,54,30,60,50,65,50,50,275,22183,808,25,89,58,F
Ville,Kytömäki,3,0,0,7,200,6,1,0,1,1,10,50,60,60,55,49,59,69,54,30,60,50,65,50,50,275,17713,809,25,93,58,F
Glen,Nielsen,3,0,2,7,200,1,0,0,1,1,10,50,60,60,55,49,59,69,54,30,60,50,65,50,50,275,294,810,25,86,58,F
Cody,McCullough,4,0,4,11,220,1,1,0,1,1,10,51,53,53,58,49,65,70,46,24,71,50,69,50,50,275,292,811,25,89,58,F
Rancans,Gustavs,4,0,9,7,200,14,1,0,1,1,10,50,60,60,55,49,59,69,54,30,60,50,65,50,50,275,52626,812,25,86,58,F
Arturs,Guzha,4,0,4,7,200,14,1,0,1,1,10,50,60,60,55,49,59,69,54,30,60,50,65,50,50,275,11103,813,25,88,58,F
Jools,Denner,4,0,2,7,200,11,1,0,1,1,10,50,60,60,55,49,59,69,54,30,60,50,65,50,50,275,50691,814,25,89,58,F
Abdul-Haseeb,Ahmad,5,0,4,7,200,1,0,0,1,1,10,50,60,60,55,49,59,69,54,30,60,50,65,50,50,275,541,815,25,89,58,F
Jere,Airaksinen,5,0,0,7,200,6,1,0,1,1,10,50,60,60,55,49,59,69,54,30,60,50,65,50,50,275,,816,25,89,58,F
Kriss,Haferbergs,5,0,0,7,200,14,1,0,1,1,10,50,60,60,55,49,59,69,54,30,60,50,65,50,50,275,22475,817,25,89,58,F
Evan,Morrison,5,0,0,7,200,1,1,0,1,1,10,50,60,60,55,49,59,69,54,30,60,50,65,50,50,275,19814,818,25,89,58,F
Morgan,Smith,5,3,1,8,200,2,0,0,1,1,10,67,68,68,50,47,50,78,47,32,50,50,56,51,50,275,470,819,25,85,58,F
Cha-In,Wook,5,3,5,6,175,11,1,0,1,1,1,56,66,66,59,51,57,68,44,31,50,50,61,50,50,275,14768,820,25,88,58,F
Matt,DeGolva,2,0,6,7,185,2,1,0,1,1,2,50,61,63,63,56,64,60,49,26,50,50,65,52,50,275,13145,821,25,90,58,F
Cody,Bown,2,0,8,6,190,1,1,0,1,1,3,65,73,66,55,54,55,67,53,25,50,50,47,51,51,275,4117,822,25,87,58,F
Jack,Licehammer,2,0,6,6,185,4,0,0,1,1,3,52,62,61,63,54,62,60,50,29,50,50,66,54,51,275,63235,823,25,89,58,F
Dylan,Withers,2,0,8,6,175,1,1,0,1,1,5,56,68,70,59,50,62,61,49,31,50,50,57,50,52,275,63,824,25,86,58,F
Adrian,Dalla Corte,2,0,8,6,175,12,0,0,1,1,6,50,64,70,63,57,57,59,49,32,50,50,65,51,50,275,4349,825,25,86,58,F
Trevor,Pullin,1,0,5,4,170,2,0,0,1,1,8,63,67,54,65,62,60,54,54,34,65,50,55,52,62,275,3104,826,35,57,58,F
Jakob,Slavos,1,0,5,7,200,8,1,0,1,1,6,62,63,50,62,63,62,60,64,30,59,50,65,50,55,275,5237,827,35,54,58,F
Mark,Redman,1,0,5,7,200,1,1,0,1,1,6,62,63,50,62,63,62,60,64,30,59,50,65,50,55,275,56,828,35,51,58,F
Trevor,Murphy,2,0,7,7,200,1,1,0,1,1,6,50,60,60,55,54,59,64,59,30,60,50,65,50,50,275,1510,829,25,84,58,F
Sergei,Maslovsky,2,0,6,7,200,14,0,0,1,1,6,50,60,60,55,54,59,64,59,30,60,50,65,50,50,275,29537,830,25,84,58,F
Lari,Lahtela,2,0,8,7,200,6,1,0,1,1,6,50,60,60,55,54,59,64,59,30,60,50,65,50,50,275,159,831,25,84,58,F
Sebastien,Fontaine,2,0,8,7,200,1,0,0,1,1,6,50,60,60,55,54,59,64,59,30,60,50,65,50,50,275,8799,832,25,84,58,F
Pat,Collon,2,0,6,7,200,1,1,0,1,1,6,50,60,60,55,54,59,64,59,30,60,50,65,50,50,275,50,833,25,84,58,F
Emils,Berzs,3,0,9,7,200,14,0,0,1,1,6,50,60,60,55,49,59,69,54,30,60,50,65,50,50,275,6000,834,25,87,58,F
Armands,Ancveirs,3,0,2,7,200,14,1,0,1,1,6,50,60,60,55,49,59,69,54,30,60,50,65,50,50,275,35875,835,25,88,58,F
Michael,Silverling,3,0,9,7,200,2,1,0,1,1,6,50,60,60,55,49,59,69,54,30,60,50,65,50,50,275,239,836,25,86,58,F
Trevor,Seelert,3,0,3,7,200,1,1,0,1,1,6,50,60,60,55,49,59,69,54,30,60,50,65,50,50,275,361,837,25,87,58,F
Jakub,Myslivecek,4,0,5,7,200,4,0,0,1,1,6,50,60,60,55,49,59,69,54,30,60,50,65,50,50,275,44382,838,25,88,58,F
Ryan,MacLeod,4,0,2,7,200,1,1,0,1,1,6,25,80,62,84,65,72,62,49,29,50,50,68,50,56,333,2579,839,43,141,65,E
Jimmy,McNulty,5,0,5,7,200,2,0,0,1,1,6,50,60,60,55,49,59,69,54,30,60,50,65,50,50,275,4612,840,25,89,58,F
Vince,Leibold,5,0,5,7,200,2,0,0,1,1,6,50,60,60,55,49,59,69,54,30,60,50,65,50,50,275,27135,841,25,87,58,F
Ryan,Jesster,5,0,1,7,200,2,0,0,1,1,6,50,60,60,55,49,59,69,54,30,60,50,65,50,50,275,4631,842,25,87,58,F
Mark,Hoover,2,0,8,6,190,2,0,0,1,1,1,55,65,66,66,58,62,70,56,20,50,50,65,50,54,310,254,843,22,143,63,F
Peter,Farkas,2,0,7,6,175,11,0,0,1,1,2,50,61,49,65,59,67,58,52,21,50,50,70,51,50,275,55420,844,25,95,58,F
Julio,Bakos,2,0,8,5,175,1,1,0,1,1,3,53,63,75,61,59,54,62,50,31,50,50,55,50,51,275,61057,845,25,89,58,F
Michael,Lowden,2,0,6,8,190,11,0,0,1,1,4,51,61,63,61,56,61,60,49,32,50,50,67,52,50,275,16853,846,25,91,58,F
Becky,Reynolds,1,0,5,1,155,11,1,0,1,1,2,55,64,67,63,61,63,56,56,28,60,54,67,55,60,275,21114,847,35,46,58,F
Ioseph,Leskowsky,1,0,5,6,169,2,1,0,1,1,4,65,63,56,61,63,59,59,55,35,63,50,55,55,65,275,50295,848,35,61,58,F
Sebastian,Blay,1,0,5,3,210,10,0,0,1,1,1,63,67,56,78,72,64,52,56,39,65,50,55,51,56,310,81686,849,28,101,63,F
Trevor,McLoughlin,1,0,5,11,215,1,1,0,1,1,2,63,64,51,61,65,65,56,48,38,65,50,55,53,60,275,56312,850,35,61,58,F
Joseph,Murphy,1,0,5,7,200,11,1,0,1,1,3,62,63,50,62,63,62,60,64,30,59,50,65,50,55,275,22989,851,35,50,58,F
Alexandre,Legault,2,0,7,7,200,1,1,0,1,1,3,50,60,60,55,54,59,64,59,30,60,50,65,50,50,275,46228,852,25,86,58,F
Michael,Laskey,2,0,8,7,200,11,0,0,1,1,3,50,60,60,55,54,59,64,59,30,60,50,65,50,50,275,4608,853,25,84,58,F
Melissa,Welsh,2,0,8,7,200,2,0,0,1,1,3,50,60,60,55,54,59,64,59,30,60,50,65,50,50,275,28973,854,25,85,58,F
Brad,Thompson,2,0,8,7,200,1,0,0,1,1,3,50,60,60,55,54,59,64,59,30,60,50,65,50,50,275,14186,855,25,86,58,F
Dave,Desautels,2,0,7,7,200,1,1,0,1,1,3,50,60,60,55,54,59,64,59,30,60,50,65,50,50,275,3709,856,25,86,58,F
Steve,Berzins,2,0,6,7,200,1,1,0,1,1,3,50,60,60,55,54,59,64,59,30,60,50,65,50,50,275,124,857,25,88,58,F
John,Boutilier,3,0,3,7,200,1,1,0,1,1,3,50,60,60,55,49,59,69,54,30,60,50,65,50,50,275,166,858,25,93,58,F
Imre,Broce,3,0,5,7,200,2,0,0,1,1,3,50,60,60,55,49,59,69,54,30,60,50,65,50,50,275,8913,859,25,88,58,F
Matt,Hero,3,5,1,9,200,2,1,0,20,4,2,90,69,91,30,67,45,97,67,40,50,84,82,50,74,434,178,860,80,180,78,B
Adam,Jepockn,3,0,4,7,200,1,0,0,1,1,3,50,60,60,55,49,59,69,54,30,60,50,65,50,50,275,44548,861,25,92,58,F
Jessica,Steig,4,3,5,4,150,2,0,0,15,11,1,71,84,82,69,58,58,89,62,42,87,82,62,50,59,437,3110,862,85,143,78,A
James,Webb,4,0,5,7,200,1,0,0,1,1,3,50,60,60,55,49,59,69,54,30,60,50,65,50,50,275,5582,863,25,86,58,F
Brett,Noiles,4,0,5,7,200,1,1,0,1,1,3,50,60,60,55,49,59,69,54,30,60,50,65,50,50,275,1579,864,25,89,58,F
Alex,Jones,1,0,5,6,180,2,1,0,1,1,7,62,62,54,63,63,64,54,53,40,63,50,55,53,62,275,91,865,35,57,58,F
Marek,Luley,1,0,5,11,198,8,1,0,1,1,10,81,79,50,89,90,85,51,55,38,85,56,55,53,58,401,6212,866,78,123,74,B
Thor,Irónson,2,0,7,7,185,11,0,0,1,1,9,49,59,55,61,57,65,61,53,20,50,50,69,54,51,275,65882,867,25,99,58,F
Alex,Kozlov,2,0,6,6,175,7,0,0,1,1,10,50,60,63,61,58,63,59,52,30,50,50,63,50,51,275,44895,868,25,89,58,F
David,Stenvold,2,0,8,7,195,2,0,0,1,1,1,55,65,67,63,57,59,61,48,31,50,50,55,50,50,275,4697,869,25,88,58,F
Adam,Danton,2,0,7,6,185,1,0,0,1,1,2,45,54,49,65,58,66,63,54,20,50,50,72,57,50,275,43794,870,25,102,58,F
Jonathan,Lau,2,0,6,6,185,1,1,0,1,1,3,41,55,49,69,63,65,60,54,20,50,51,70,57,50,275,3562,871,25,101,58,F
Rihas,Slikevics,1,0,5,7,200,14,1,0,1,1,5,62,63,50,62,63,62,60,64,30,59,50,65,50,55,275,,872,35,49,58,F
Patrick,Walford,1,0,5,7,200,1,1,0,1,1,5,62,63,50,62,63,62,60,64,30,59,50,65,50,55,275,188,873,35,52,58,F
Gabriel,Dark,2,0,7,7,200,2,0,0,1,1,5,50,60,60,55,54,59,64,59,30,60,50,65,50,50,275,9994,874,25,80,58,F
Rob,Bechard,2,0,7,8,200,1,1,0,2,2,7,32,64,65,69,60,73,60,55,32,50,50,76,50,50,310,33,875,10,154,63,F
Monty,Bal,2,0,7,7,200,2,0,0,1,1,5,50,60,60,55,54,59,64,59,30,60,50,65,50,50,275,25,876,25,86,58,F
Jeff,Holden,2,0,8,7,200,1,1,0,1,1,5,50,60,60,55,54,59,64,59,30,60,50,65,50,50,275,366,877,25,88,58,F
Gary,Oldfield,3,0,3,9,190,1,0,0,14,11,6,80,75,85,60,55,57,85,30,50,50,83,65,50,90,395,87,878,73,152,73,C
Jardy,Bunclewirth,3,0,3,7,200,1,1,0,1,1,5,50,60,60,55,49,59,69,54,30,60,50,65,50,50,275,35962,879,25,91,58,F
Mairis,Ormanis,3,0,5,7,200,14,1,0,1,1,5,50,60,60,55,49,59,69,54,30,60,50,65,50,50,275,8113,880,25,89,58,F
Dan,Schaaf,3,0,0,7,200,2,1,0,1,1,5,50,60,60,55,49,59,69,54,30,60,50,65,50,50,275,15,881,25,89,58,F
Chad,Levasseur,4,0,9,7,200,1,1,0,1,1,5,50,60,60,55,49,59,69,54,30,60,50,65,50,50,275,2565,882,25,86,58,F
Tobias,Andersson,4,0,3,7,200,5,0,0,1,1,5,50,60,60,55,49,59,69,54,30,60,50,65,50,50,275,40028,883,25,94,58,F
Filip,Létal,5,3,5,7,200,4,1,0,1,1,7,57,68,68,58,51,57,67,44,31,54,50,56,50,51,275,60991,884,25,86,58,F
Dennis,Revel,5,3,3,7,195,2,0,0,1,1,8,60,70,70,57,49,55,65,45,31,50,50,58,50,53,275,16023,885,25,89,58,F
Phillipe,Aussant,4,0,5,7,200,1,0,0,1,1,5,50,60,60,55,49,59,69,54,30,60,50,65,50,50,275,21523,886,25,89,58,F
Marius,Ehl,4,0,4,7,200,10,1,0,1,1,5,50,60,60,55,49,59,69,54,30,60,50,65,50,50,275,110,887,25,89,58,F
Jay,Goff,5,0,3,7,200,1,0,0,1,1,5,50,60,60,55,49,59,69,54,30,60,50,65,50,50,275,2245,888,25,89,58,F
Matthew,Peer,5,3,3,3,160,2,0,0,1,1,10,57,69,70,56,51,58,65,46,31,50,50,55,50,51,275,233,889,25,92,58,F
Alex,Wright,5,3,1,6,185,1,1,0,1,1,1,77,74,78,42,37,50,75,50,32,52,50,55,50,50,275,63450,890,25,77,58,F
Juris,Zakis,5,3,1,6,185,14,0,0,1,1,2,74,71,77,47,42,50,74,45,32,56,50,52,50,51,275,65325,891,25,77,58,F
Dan,Curiel,2,0,6,6,185,2,0,0,1,1,3,38,59,51,67,58,62,60,65,22,50,51,71,54,51,275,61772,892,25,94,58,F
Jeff,Smith,2,0,8,9,195,2,1,0,1,1,4,49,64,61,60,54,65,61,50,20,50,50,67,57,50,275,55055,893,25,96,58,F
Zackary,Pittman,4,5,2,8,186,1,0,0,20,5,2,71,96,82,61,68,64,90,67,46,92,60,55,50,75,470,22663,894,86,209,83,A
Jon,Kemppainen,2,0,6,9,220,2,0,0,1,1,6,45,60,62,62,56,61,59,53,30,50,55,67,54,54,275,218,895,25,89,58,F
Justin,Castleman,2,0,8,9,195,10,1,0,1,1,7,64,77,79,79,64,71,71,63,36,50,71,79,58,58,425,37834,896,77,178,77,A
Travis,Tilford,1,0,5,6,159,2,1,0,1,1,1,70,67,55,50,65,61,62,54,37,64,50,56,52,55,275,59803,897,35,52,58,F
Triston,Midlam,1,0,5,3,169,2,1,0,1,1,2,63,64,55,64,65,65,57,46,34,64,50,55,54,58,275,45725,898,35,59,58,F
Martin,Kraina,1,0,5,7,200,4,1,0,1,1,5,62,63,50,62,63,62,60,64,30,59,50,65,50,55,275,5460,899,35,51,58,F
Toni,Katainen,2,0,7,7,200,6,0,0,1,1,5,50,60,60,55,54,59,64,59,30,60,50,65,50,50,275,27519,900,25,80,58,F
Nils,Jurgenovskis,2,0,7,7,200,14,1,0,1,1,5,50,60,60,55,54,59,64,59,30,60,50,65,50,50,275,13601,901,25,89,58,F
Antonio,Jimenez,2,0,6,7,200,2,1,0,1,1,5,50,60,60,55,54,59,64,59,30,60,50,65,50,50,275,53046,902,25,86,58,F
Larry,Soles,2,0,7,7,200,2,0,0,1,1,5,50,60,60,55,54,59,64,59,30,60,50,65,50,50,275,4530,903,25,86,58,F
David,Smith,2,0,7,7,200,2,0,0,1,1,5,50,60,60,55,54,59,64,59,30,60,50,65,50,50,275,30386,904,25,81,58,F
Paul,Charles,2,0,6,7,200,2,0,0,1,1,5,50,60,60,55,54,59,64,59,30,60,50,65,50,50,275,16461,905,25,81,58,F
Chris,Carmichael,3,0,3,7,200,1,0,0,1,1,5,50,60,60,55,49,59,69,54,30,60,50,65,50,50,275,1726,906,25,86,58,F
Elliot,King,3,0,9,7,200,2,0,0,1,1,5,50,60,60,55,49,59,69,54,30,60,50,65,50,50,275,16194,907,25,88,58,F
Efraim,Larsson,1,0,5,6,175,5,1,0,10,8,10,64,65,85,65,69,69,51,72,20,59,50,55,50,50,310,5929,908,34,91,63,F
Edgars,Lazdans,3,0,3,7,200,14,0,0,1,1,5,50,60,60,55,49,59,69,54,30,60,50,65,50,50,275,9264,909,25,91,58,F
Andrej,Cvetkovski,4,0,1,7,200,2,0,0,1,1,5,50,60,60,55,49,59,69,54,30,60,50,65,50,50,275,31167,910,25,87,58,F
Danney,Green,4,0,5,7,200,1,1,0,1,1,5,50,60,60,55,49,59,69,54,30,60,50,65,50,50,275,186,911,25,86,58,F
Andy,Geleff,4,0,3,7,200,2,0,0,1,1,5,50,60,60,55,49,59,69,54,30,60,50,65,50,50,275,38,912,25,89,58,F
Darren,Nunis,5,3,5,6,175,11,0,0,1,1,6,50,60,60,55,49,59,69,54,30,60,50,65,50,50,275,31206,913,25,89,58,F
Patrick,Ng,5,3,5,7,180,1,1,0,1,1,7,61,67,69,64,54,59,73,48,33,50,50,60,50,53,310,429,914,10,152,63,F
Erik,Schlotman,2,0,8,7,190,2,0,0,1,1,8,50,62,63,60,59,62,58,51,29,50,50,64,54,51,275,2222,915,25,92,58,F
Ernie,Rubottom,2,0,0,7,185,2,0,0,31,8,5,79,59,59,84,54,76,54,50,45,50,56,89,99,74,398,40039,916,81,177,74,B
Dwaine,Bulger,2,0,8,7,200,1,1,0,1,1,1,54,65,67,69,61,65,69,56,24,50,50,73,53,50,333,5185,917,20,156,65,E
Adam,Obertan,2,0,6,7,190,1,0,0,1,1,2,47,63,63,63,58,62,58,52,24,50,50,66,52,50,275,55546,918,25,91,58,F
Charles,Meeker,1,0,5,4,159,2,1,0,1,1,9,66,65,63,59,61,61,62,52,32,62,51,58,53,62,275,51709,919,35,50,58,F
Intars,Barsovs,1,0,5,9,198,14,1,0,1,1,5,62,62,54,61,64,61,65,53,42,61,50,55,55,61,275,42114,920,35,46,58,F
Eric,Tremblay,1,0,5,7,200,1,1,0,1,1,7,62,63,50,62,63,62,60,64,30,59,50,65,50,55,275,51945,921,35,50,58,F
Sasha,Maniago,1,0,5,7,200,11,1,0,1,1,7,62,63,50,62,63,62,60,64,30,59,50,65,50,55,275,31174,922,35,55,58,F
Camilo,Cerón,2,0,6,7,200,11,0,0,1,1,7,50,60,60,55,54,59,64,59,30,60,50,65,50,50,275,6610,923,25,86,58,F
Sam,Cervino,2,0,8,7,200,2,0,0,1,1,7,50,60,60,55,54,59,64,59,30,60,50,65,50,50,275,161,924,25,87,58,F
Jared,Shaw,2,0,7,7,200,1,0,0,1,1,7,50,60,60,55,54,59,64,59,30,60,50,65,50,50,275,260,925,25,86,58,F
David,Bellerose,2,0,8,7,200,2,0,0,1,1,7,50,60,60,55,54,59,64,59,30,60,50,65,50,50,275,,926,25,87,58,F
Valeri,Kanchelski,2,0,8,7,200,3,0,0,1,1,7,50,60,60,55,54,59,64,59,30,60,50,65,50,50,275,,927,25,88,58,F
William,Daviault,2,0,6,7,200,2,0,0,1,1,7,50,60,60,55,54,59,64,59,30,60,50,65,50,50,275,,928,25,84,58,F
Dominic,Carrier,2,0,6,7,200,2,0,0,1,1,7,50,60,60,55,54,59,64,59,30,60,50,65,50,50,275,,929,25,88,58,F
Troy,Mueller,3,0,2,7,200,2,1,0,1,1,7,50,60,60,55,49,59,69,54,30,60,50,65,50,50,275,170,930,25,88,58,F
Kalle,Savolainen,3,0,4,7,200,6,1,0,1,1,7,50,60,60,55,49,59,69,54,30,60,50,65,50,50,275,48508,931,25,86,58,F
Ben,Campbell,4,0,4,7,200,2,0,0,1,1,7,50,60,60,55,49,59,69,54,30,60,50,65,50,50,275,687,932,25,88,58,F
Wes,Dewanye,4,0,9,7,200,2,0,0,1,1,7,50,60,60,55,49,59,69,54,30,60,50,65,50,50,275,,933,25,87,58,F
Vitali,Kurakin,4,0,0,7,200,3,0,0,1,1,7,50,60,60,55,49,59,69,54,30,60,50,65,50,50,275,,934,25,89,58,F
Patrick,Kelly,4,0,3,7,200,2,0,0,1,1,7,50,60,60,55,49,59,69,54,30,60,50,65,50,50,275,,935,25,89,58,F
Oskari,Tuomela,5,0,3,7,200,6,1,0,1,1,7,50,60,60,55,49,59,69,54,30,60,50,65,50,50,275,51955,936,25,89,58,F
Nelson,Hackewich,2,0,8,6,200,1,1,0,1,1,5,52,61,63,63,57,61,59,49,30,50,50,65,53,50,275,1575,937,25,90,58,F
Nathan,Englert,2,0,8,8,200,2,0,0,1,1,6,62,73,75,47,54,51,68,53,36,50,50,48,50,52,275,3333,938,25,81,58,F
Marc,Berube,2,0,8,7,175,1,0,0,7,12,6,63,62,65,55,56,50,68,55,31,50,50,58,50,57,275,285,939,25,86,58,F
Reiner,Emrich,2,0,6,8,200,2,1,0,1,1,8,52,63,63,61,56,61,59,50,31,50,50,65,52,50,275,30266,940,25,87,58,F
Marie,Labrecque,2,0,6,7,175,11,1,0,28,1,4,30,67,43,69,61,69,48,43,34,50,50,76,82,58,275,4373,941,25,107,58,F
Zach,Wright,5,3,3,6,185,2,1,0,24,3,8,42,90,81,59,52,47,73,49,36,50,59,64,50,57,310,24307,942,33,114,63,F
Matthew,Rodier,2,0,7,7,195,1,0,0,1,1,1,45,55,49,65,58,66,62,54,20,50,50,72,57,51,275,176,943,25,102,58,F
Gord,Sullivan,2,0,8,7,190,1,0,0,1,1,2,50,60,60,55,54,59,64,59,30,60,50,65,50,50,275,60789,944,25,81,58,F
Raj,Toor,1,0,5,7,171,1,1,0,1,1,1,65,65,57,78,68,62,55,57,36,67,50,60,56,57,310,154,945,38,92,63,F
Reese,Estrada,1,0,5,7,180,2,1,0,1,1,3,63,63,51,63,65,64,56,50,37,63,50,55,53,62,275,53467,946,35,56,58,F
Trey,Eshleman,1,0,5,4,209,2,1,0,1,1,4,62,63,50,62,63,62,60,64,30,59,50,65,50,55,275,59270,947,35,51,58,F
Gabriel,Dibble,1,0,5,7,200,2,0,0,1,1,2,62,63,50,62,63,62,60,64,30,59,50,65,50,55,275,,948,35,46,58,F
Artem,Kopul,2,0,7,7,200,3,0,0,1,1,2,50,60,60,55,54,59,64,59,30,60,50,65,50,50,275,,949,25,88,58,F
Philippe,Grandbois,2,0,6,7,200,1,1,0,1,1,2,50,60,60,55,54,59,64,59,30,60,50,65,50,50,275,,950,25,87,58,F
Martin,Labranche,2,0,8,7,200,2,0,0,1,1,2,50,60,60,55,54,59,64,59,30,60,50,65,50,50,275,,951,25,89,58,F
Eric,Hrudey,3,0,3,7,200,2,1,0,1,1,2,50,60,60,55,49,59,69,54,30,60,50,65,50,50,275,,952,25,88,58,F
Dean,Cavanaugh,3,0,9,7,200,2,0,0,1,1,2,50,60,60,55,49,59,69,54,30,60,50,65,50,50,275,,953,25,86,58,F
Todd,Nitt,3,0,5,7,200,2,0,0,1,1,2,50,60,60,55,49,59,69,54,30,60,50,65,50,50,275,,954,25,92,58,F
Igor,Chupin,4,0,0,7,200,7,1,0,1,1,2,50,60,60,55,49,59,69,54,30,60,50,65,50,50,275,,955,25,88,58,F
Oleg,Fedzuga,4,0,3,7,200,4,0,0,1,1,2,50,60,60,55,49,59,69,54,30,60,50,65,50,50,275,,956,25,88,58,F
Kimmo,Hakkinen,4,0,2,7,200,6,0,0,1,1,2,50,60,60,55,49,59,69,54,30,60,50,65,50,50,275,,957,25,88,58,F
Pavol,Radil,4,0,3,7,200,4,1,0,1,1,2,50,60,60,55,49,59,69,54,30,60,50,65,50,50,275,,958,25,89,58,F
Adam,Robichaud,5,0,2,7,200,2,1,0,1,1,2,50,60,60,55,49,59,69,54,30,60,50,65,50,50,275,,959,25,89,58,F
Jean-François,Gendron,5,0,1,7,200,2,1,0,1,1,2,50,60,60,55,49,59,69,54,30,60,50,65,50,50,275,,960,25,89,58,F
Mikus,Leduskrasts,5,3,5,7,180,14,1,0,1,1,4,58,68,68,63,54,61,73,47,32,51,50,59,50,55,310,29718,961,10,156,63,F
Ritvars,Stankevich,5,3,1,7,185,14,1,0,1,1,5,60,68,66,59,49,57,64,47,31,54,50,57,50,54,275,22551,962,25,85,58,F
Quinten,Ross,2,0,6,7,195,2,0,0,1,1,6,48,62,63,61,56,63,57,53,30,50,52,65,54,51,275,16845,963,25,89,58,F
Ingemars,Saicans,2,0,8,7,185,14,1,0,1,1,7,51,63,62,62,56,61,60,49,26,50,52,65,55,51,275,18461,964,25,91,58,F
Jonny,Eliasson,2,0,6,6,180,5,1,0,1,1,8,62,72,73,73,63,67,73,62,34,50,53,76,52,51,383,5530,965,70,154,72,C
Eric,Storm,2,0,7,7,190,2,0,0,1,1,9,48,62,55,62,60,67,58,51,26,50,50,63,52,50,275,59788,966,25,94,58,F
Kaspars,Štromanis,1,0,5,4,158,14,1,0,1,1,6,65,65,52,61,63,63,55,58,21,67,50,55,53,59,275,34677,967,35,70,58,F
Artem,Karr,1,0,5,7,180,3,1,0,1,1,5,64,64,55,65,66,65,57,48,28,64,50,55,50,57,275,5887,968,35,63,58,F
Klavs,Bosh,1,0,5,7,200,14,1,0,1,1,9,62,63,50,62,63,62,60,64,30,59,50,65,50,55,275,15408,969,35,53,58,F
Teppo,Hurmekirves,1,0,5,7,200,6,1,0,1,1,9,62,63,50,62,63,62,60,64,30,59,50,65,50,55,275,44284,970,35,50,58,F
Leonard,Avery,2,0,7,7,200,1,0,0,1,1,9,50,60,60,55,54,59,64,59,30,60,50,65,50,50,275,40618,971,25,88,58,F
Raymond,MacGillivray,2,0,6,7,200,1,1,0,1,1,9,50,60,60,55,54,59,64,59,30,60,50,65,50,50,275,1034,972,25,88,58,F
Jiri,Kapus,2,0,7,7,200,4,0,0,1,1,9,50,60,60,55,54,59,64,59,30,60,50,65,50,50,275,,973,25,88,58,F
Dmitri,Tiomkin,2,0,8,7,200,3,1,0,1,1,9,50,60,60,55,54,59,64,59,30,60,50,65,50,50,275,,974,25,87,58,F
Danny,Sutter,2,0,6,7,200,2,0,0,1,1,9,50,60,60,55,54,59,64,59,30,60,50,65,50,50,275,,975,25,84,58,F
Daniel,O'Brian,2,0,7,7,200,2,0,0,1,1,9,50,60,60,55,54,59,64,59,30,60,50,65,50,50,275,,976,25,87,58,F
Oleg,Tsulygin,2,0,8,7,200,3,1,0,1,1,9,50,60,60,55,54,59,64,59,30,60,50,65,50,50,275,,977,25,86,58,F
Rihards,Leimants,3,0,5,7,200,14,1,0,1,1,9,50,60,60,55,49,59,69,54,30,60,50,65,50,50,275,9745,978,25,92,58,F
Seppo,Pirnes,3,0,9,7,200,6,1,0,1,1,9,50,60,60,55,49,59,69,54,30,60,50,65,50,50,275,,979,25,92,58,F
Radislav,Matvichuk,3,0,4,7,200,4,0,0,1,1,9,50,60,60,55,49,59,69,54,30,60,50,65,50,50,275,,980,25,92,58,F
Miika,Mäkinen,3,0,9,7,200,6,1,0,1,1,9,50,60,60,55,49,59,69,54,30,60,50,65,50,50,275,,981,25,92,58,F
Jag,Chahal,4,0,1,7,200,1,0,0,1,1,9,50,60,60,55,49,59,69,54,30,60,50,65,50,50,275,41,982,25,91,58,F
Martin,Lapierre,4,0,2,7,200,2,0,0,1,1,9,50,60,60,55,49,59,69,54,30,60,50,65,50,50,275,,983,25,90,58,F
Dean,Casey,4,0,0,7,200,1,0,0,1,1,9,50,60,60,55,49,59,69,54,30,60,50,65,50,50,275,,984,25,91,58,F
Oscar,Lindström,2,0,6,6,205,5,1,0,1,1,1,48,71,64,60,60,60,60,48,32,50,50,57,50,50,275,1565,985,25,90,58,F
David,Xia,2,0,8,6,180,1,0,0,1,1,2,56,67,69,58,57,57,62,50,32,50,50,55,50,52,275,5356,986,25,86,58,F
Erik,Stoll,3,5,2,3,165,2,0,0,11,2,3,77,102,88,30,65,45,87,72,48,50,53,35,50,80,383,101,987,71,163,72,C
Christofer,Nilsson,2,0,6,6,185,5,1,0,1,1,4,49,59,54,61,57,66,60,54,20,50,50,70,55,51,275,60109,988,25,99,58,F
Matt,Roy,2,0,6,9,190,1,0,0,1,1,5,49,59,59,60,57,65,62,50,20,50,50,70,50,50,275,1139,989,25,100,58,F
Larry,Horse,2,0,6,7,195,2,0,0,1,1,6,49,63,60,55,56,59,73,52,36,50,50,57,50,51,275,60715,990,25,90,58,F
Niels,Söth,1,0,5,7,183,10,0,0,1,1,8,65,65,50,70,66,62,50,55,25,63,50,56,51,53,275,115,991,35,68,58,F
Christopher,Alexander,1,0,5,11,179,2,1,0,1,1,6,62,62,54,68,66,60,52,54,37,62,50,55,50,63,275,60960,992,35,60,58,F
Krists,Zommers,1,0,5,9,185,14,0,0,1,1,7,63,63,57,71,65,59,55,52,37,59,50,55,53,60,275,58958,993,35,58,58,F
Duncan,Craig,1,0,5,10,245,11,0,0,1,1,8,61,62,50,64,66,65,56,48,39,64,50,55,52,62,275,60160,994,35,60,58,F
Olivier,Fortin,2,0,8,7,200,2,1,0,1,1,9,50,60,60,55,54,59,64,59,30,60,50,65,50,50,275,,995,25,88,58,F
Christian,Chevalier,2,0,6,7,200,1,0,0,1,1,9,50,60,60,55,54,59,64,59,30,60,50,65,50,50,275,,996,25,89,58,F
Pablo,Junker,2,0,7,7,200,2,0,0,1,1,9,50,60,60,55,54,59,64,59,30,60,50,65,50,50,275,,997,25,80,58,F
Benjamin,Gignac,2,0,8,7,200,2,0,0,1,1,9,50,60,60,55,54,59,64,59,30,60,50,65,50,50,275,,998,25,80,58,F
Scott,Moran,3,0,9,7,200,1,0,0,1,1,9,50,60,60,55,49,59,69,54,30,60,50,65,50,50,275,495,999,25,93,58,F
André,Vandal,3,0,0,7,200,1,1,0,1,1,9,50,60,60,55,49,59,69,54,30,60,50,65,50,50,275,,1000,25,92,58,F
Renaud,Venne,3,0,1,7,200,2,0,0,1,1,9,50,60,60,55,49,59,69,54,30,60,50,65,50,50,275,,1001,25,91,58,F
François,Aucoin,3,0,2,7,200,2,1,0,1,1,9,50,60,60,55,49,59,69,54,30,60,50,65,50,50,275,,1002,25,85,58,F
Joe,Morgado,3,0,5,7,200,2,0,0,1,1,9,50,60,60,55,49,59,69,54,30,60,50,65,50,50,275,,1003,25,85,58,F
Adam,Hill,4,0,1,7,200,2,0,0,1,1,9,50,60,60,55,49,59,69,54,30,60,50,65,50,50,275,,1004,25,85,58,F
Andrew,McCready,4,0,1,7,200,2,1,0,1,1,9,50,60,60,55,49,59,69,54,30,60,50,65,50,50,275,,1005,25,93,58,F
Denis,Demers,4,0,1,7,200,2,0,0,1,1,9,50,60,60,55,49,59,69,54,30,60,50,65,50,50,275,,1006,25,91,58,F
Sébastien,Bergeron,4,0,2,7,200,1,1,0,1,1,9,50,60,60,55,49,59,69,54,30,60,50,65,50,50,275,,1007,25,91,58,F
Brendan,Glenwright,5,0,5,7,200,1,0,0,1,1,9,50,60,60,55,49,59,69,54,30,60,50,65,50,50,275,1224,1008,25,92,58,F
Eric,Hermes,5,0,2,7,200,11,1,0,1,1,9,50,60,60,55,49,59,69,54,30,60,50,65,50,50,275,43,1009,25,94,58,F
Simon,Huot,5,0,3,7,200,2,0,0,1,1,9,50,60,60,55,49,59,69,54,30,60,50,65,50,50,275,,1010,25,93,58,F
Chris,McKay,4,0,2,7,200,1,0,0,1,1,9,50,60,60,55,49,59,69,54,30,60,50,65,50,50,275,,2298,25,93,58,F
Albert,Rybenko,4,0,2,7,200,3,0,0,1,1,4,50,60,60,55,49,59,69,54,30,60,50,65,50,50,275,,2302,25,85,58,F
Matthew,Griffith,4,0,2,7,200,1,0,0,1,1,9,50,60,60,55,49,59,69,54,30,60,50,65,50,50,275,,2305,25,86,58,F
Mike,Tyler,3,0,2,7,200,1,1,0,1,1,2,50,60,60,55,49,59,69,54,30,60,50,65,50,50,275,,2313,25,92,58,F
Tim,Archen,5,0,3,7,200,1,1,0,1,1,3,50,60,60,55,49,59,69,54,30,60,50,65,50,50,275,,2314,25,89,58,F
Daryl,Archer,4,0,4,7,200,1,0,0,1,1,8,50,60,60,55,49,59,69,54,30,60,50,65,50,50,275,,2315,25,90,58,F
Jon,Ronning,3,0,3,7,200,1,0,0,1,1,1,50,60,60,55,49,59,69,54,30,60,50,65,50,50,275,,2316,25,89,58,F
Eriq,Costa,4,0,5,7,200,2,0,0,1,1,6,50,60,60,55,49,59,69,54,30,60,50,65,50,50,275,,2317,25,90,58,F
Dave,Bower,2,0,6,7,200,2,0,0,1,1,1,50,60,60,55,54,59,64,59,30,60,50,65,50,50,275,,2318,25,81,58,F
Fred,Gangnus,5,0,4,7,200,10,1,0,1,1,9,50,60,60,55,49,59,69,54,30,60,50,65,50,50,275,840,2319,25,89,58,F
Dustin,Funk,2,0,6,10,212,1,1,0,3,10,7,47,60,56,64,66,65,73,59,37,50,50,52,50,60,310,1054,2320,33,138,63,F
Danny,Uyeda,5,0,4,7,200,2,0,0,1,1,2,50,60,60,55,49,59,69,54,30,60,50,65,50,50,275,,2321,25,91,58,F
Jonas,Salming,5,0,5,7,200,5,0,0,1,1,2,50,60,60,55,49,59,69,54,30,60,50,65,50,50,275,,2322,25,92,58,F
Ryan,van Vuren,5,0,0,7,200,2,0,0,1,1,7,50,60,60,55,49,59,69,54,30,60,50,65,50,50,275,3469,2323,25,91,58,F
Simon,Wilson,5,0,3,7,200,1,1,0,1,1,7,50,60,60,55,49,59,69,54,30,60,50,65,50,50,275,24,2324,25,86,58,F
Devon,Brown,5,0,1,7,200,1,0,0,1,1,5,58,68,66,61,53,63,79,64,33,63,50,73,50,50,351,60,2325,20,174,68,E
Matt,Fennell,5,0,5,7,200,1,0,0,1,1,5,59,69,69,60,52,62,59,50,29,59,59,64,59,60,310,22,2326,31,128,63,F
Christopher,DeSouza,5,0,1,7,200,2,0,0,1,1,5,50,60,60,55,49,59,69,54,30,60,50,65,50,50,275,1288,2327,25,92,58,F
Olivier,Turcotte,5,0,0,7,200,1,0,0,1,1,5,50,60,60,55,49,59,69,54,30,60,50,65,50,50,275,507,2328,25,91,58,F
Jamie,Pierce,5,0,9,7,200,2,0,0,1,1,3,50,60,60,55,49,59,69,54,30,60,50,65,50,50,275,539,2329,25,90,58,F
George,Peklo,5,0,9,7,200,10,1,0,1,1,3,50,60,60,55,49,59,69,54,30,60,50,65,50,50,275,411,2330,25,93,58,F
Alex,Hiller,5,0,1,7,200,1,0,0,1,1,3,50,60,60,55,49,59,69,54,30,60,50,65,50,50,275,30259,2331,25,86,58,F
Lawrence,Glew,5,0,2,7,200,1,0,0,1,1,3,50,60,60,55,49,59,69,54,30,60,50,65,50,50,275,268,2332,25,90,58,F
David,Iusi,5,0,3,7,200,1,0,0,1,1,6,50,60,60,55,49,59,69,54,30,60,50,65,50,50,275,132,2333,25,89,58,F
Mark,Bradley,5,0,9,7,200,1,0,0,1,1,6,54,65,64,58,51,61,63,48,22,52,52,63,52,52,275,44192,2334,25,101,58,F
Marcus,Linen,5,0,9,7,200,5,0,0,1,1,10,50,60,60,55,49,59,69,54,30,60,50,65,50,50,275,4237,2335,25,88,58,F
Jeremy,Ducaine,5,0,9,7,200,2,0,0,1,1,6,50,60,60,55,49,59,69,54,30,60,50,65,50,50,275,1938,2336,25,93,58,F
Nick,Duchaine,5,0,1,7,200,1,0,0,1,1,6,50,60,60,55,49,59,69,54,30,60,50,65,50,50,275,46227,2337,25,93,58,F
Timon,Knoblich,5,0,3,7,200,10,0,0,1,1,6,50,60,60,55,49,59,69,54,30,60,50,65,50,50,275,112,2338,25,89,58,F
Danny,Sylas,5,0,3,7,200,1,0,0,1,1,5,50,60,60,55,49,59,69,54,30,60,50,65,50,50,275,606,2339,25,93,58,F
Ian,Wood,5,0,2,7,200,1,1,0,1,1,5,50,60,60,55,49,59,69,54,30,60,50,65,50,50,275,3904,2340,25,90,58,F
Valtteri,Suolitusbombit,2,0,0,6,170,6,0,0,23,11,4,25,45,65,99,80,85,91,66,20,50,60,104,99,50,473,69109,2341,86,274,83,A
Godric,Leskowsky,5,3,1,4,180,1,1,0,21,9,1,77,81,80,47,59,55,91,73,42,50,72,52,50,72,405,67697,2342,31,205,74,D
Maddy,Steele,3,5,1,2,130,1,1,0,22,7,4,75,81,71,39,49,52,68,47,29,58,50,67,62,70,310,70211,2343,11,157,63,F
Oliver,Hayden,2,0,9,8,195,11,0,0,11,3,6,45,62,63,58,57,61,54,54,29,50,59,70,50,62,275,70763,2344,25,92,58,F
Kevin,Astbury,2,0,8,5,190,11,0,0,14,2,6,59,64,70,50,57,55,62,51,25,50,50,63,50,63,275,71520,2345,25,93,58,F
Santi,Piñeiro,3,5,2,17,275,11,0,0,23,11,1,91,101,101,40,63,68,80,80,35,90,60,80,50,50,497,74111,2346,66,242,86,A
Johannes,ðBorgå,1,0,5,0,159,11,0,0,16,3,10,69,89,50,73,60,82,55,47,20,56,50,55,50,51,310,69155,2347,38,105,63,F
Günther,Weißmüller,3,5,4,13,233,10,1,0,1,1,9,61,62,58,53,47,65,66,48,22,50,51,70,50,50,275,74109,2348,25,99,58,F
Andrew,Sorensen,1,0,5,10,190,2,1,0,1,1,6,62,62,64,63,64,64,55,56,26,64,50,62,50,50,275,74138,2349,35,46,58,F
Ryan,Coyte,4,5,4,11,220,1,1,0,1,1,1,63,62,62,67,52,65,68,56,29,68,60,71,50,50,333,71848,2350,41,118,65,E
Jakub,Salinger,2,0,8,4,170,8,1,0,1,1,3,46,70,60,58,56,61,63,51,24,50,51,67,50,50,275,69322,2351,25,90,58,F
Cole,Trickle,1,0,5,13,195,2,1,0,1,1,7,67,65,50,65,64,61,52,58,29,63,50,59,50,54,275,69435,2352,35,57,58,F
David,Becker,1,0,5,8,201,1,1,0,1,1,8,68,68,71,71,68,69,55,57,23,66,50,55,50,50,310,70168,2353,39,92,63,F
Martin,Roldan,5,3,3,9,190,1,1,0,31,12,4,67,77,79,54,49,51,79,54,30,50,59,65,50,59,330,67802,2354,40,127,65,E
Richard,Dumins,5,3,2,11,210,14,0,0,1,1,7,55,73,75,42,45,54,74,47,24,50,51,67,50,54,275,68581,2355,25,91,58,F
Xander,Heikelä,4,3,3,9,207,6,1,0,1,1,9,65,66,75,46,44,54,65,52,23,69,50,63,50,50,275,71207,2356,25,80,58,F
Pepe,Bostones,2,0,8,10,215,1,1,0,1,1,2,53,59,50,58,58,65,63,46,23,50,56,69,60,50,275,59584,2357,25,97,58,F
Jason,Gilmartin,1,0,5,4,180,2,0,0,1,1,4,71,58,58,63,66,63,50,58,24,63,50,55,50,55,275,66139,2358,35,60,58,F
Yngwie,Swift,1,0,5,11,205,5,1,0,1,1,5,63,62,50,70,67,64,50,55,20,68,50,56,50,50,275,66142,2359,35,62,58,F
Dennis,Jimenez,3,5,2,12,215,2,1,0,1,1,9,59,77,74,43,43,62,71,41,23,50,52,60,53,50,275,66344,2360,25,96,58,F
Seppo,Valtama,3,5,3,12,175,6,0,0,1,1,1,67,68,82,36,36,54,79,48,25,50,50,65,55,52,275,69451,2361,25,93,58,F
Adam,Weston,3,5,4,8,210,14,1,0,1,1,2,41,63,54,58,53,65,70,45,20,50,50,75,50,51,275,70197,2362,25,106,58,F
Brandon,McCartney,4,4,1,1,150,2,0,0,17,8,5,68,77,76,38,59,45,77,62,49,85,50,56,50,72,345,74384,2363,42,128,67,E
Jake,Owenes,2,0,8,13,257,11,0,0,6,10,6,46,56,56,79,53,71,57,44,20,50,50,69,52,53,275,74484,2364,25,103,58,F
Krzysztof,Kowalowka,3,4,4,11,220,18,1,0,2,5,6,57,54,60,57,49,60,70,48,27,55,51,66,54,54,275,74610,2365,25,96,58,F
Noah,Hanley,1,0,5,11,167,1,1,0,21,12,5,74,73,58,73,60,50,59,56,37,64,58,77,59,67,310,70438,2366,39,72,63,F
Roka,Owenes,4,0,1,7,180,11,0,0,2,3,5,75,71,72,51,47,57,74,42,24,71,50,67,50,52,310,74845,2367,11,138,63,F
Stefan,Bystedt,2,0,6,11,234,5,1,0,5,8,5,29,46,47,83,71,75,72,59,36,50,50,82,50,50,337,74996,2368,11,185,66,F
Jakhangir,Orucov,3,5,1,17,270,11,0,0,15,10,7,82,58,92,45,49,60,51,52,20,50,50,86,50,50,310,75005,2369,10,148,63,F
J?nis,Robežs,5,3,1,15,180,14,1,0,19,12,7,69,62,74,54,54,45,71,44,20,50,50,63,50,54,275,75882,2370,25,97,58,F
Sam,Austin,1,0,5,11,190,2,0,0,24,11,7,67,67,50,66,66,66,50,48,24,59,50,61,50,60,275,76053,2371,35,64,58,F
Joe,Twinberry,3,5,1,9,200,1,1,0,2,7,7,71,60,79,39,56,45,79,55,24,50,50,47,50,50,275,76278,2372,25,93,58,F
Carl,Kleinson,3,5,4,8,200,14,1,0,1,1,7,63,51,66,50,44,64,70,48,24,50,50,74,50,51,275,76344,2373,25,93,58,F
Casey,Casper,1,0,5,12,230,2,0,0,19,7,7,70,70,50,70,70,69,50,50,20,70,70,55,50,53,310,3206,2374,39,94,63,F
Damian,Duffy,1,0,5,15,275,1,0,0,6,11,7,70,69,68,65,65,66,68,60,20,65,50,55,50,63,310,76495,2375,28,102,63,F
Allie,Smith,3,5,1,5,130,1,1,0,30,6,1,63,65,67,52,51,58,62,47,45,50,75,62,75,76,316,76494,2376,22,130,63,F
Fredrik,Olsson,5,3,1,8,195,5,1,0,7,7,1,94,97,99,45,66,45,99,69,45,50,60,80,50,65,473,76524,2377,86,217,83,A
Christoffer,Lind,2,0,6,11,194,5,0,0,30,8,5,29,67,58,77,67,58,69,62,36,50,64,59,50,51,310,76536,2378,32,125,63,F
Lucas,Rayvals,3,4,3,8,240,1,1,0,6,12,7,60,70,70,54,48,54,67,44,24,66,50,60,50,50,275,76574,2379,25,87,58,F
Johan,Lindgren,2,0,6,10,205,5,1,0,16,8,7,49,35,46,57,65,68,65,52,29,50,68,70,50,54,275,76589,2380,25,93,58,F
Rodderick,O'Brien,5,4,3,10,215,11,0,0,18,12,1,88,80,94,62,60,61,90,65,40,82,69,49,63,69,458,76590,2381,88,192,81,A
Robert,Tamberinni,2,0,7,12,235,12,1,0,18,5,7,56,51,54,57,54,68,61,53,20,50,54,69,65,50,275,76615,2382,25,100,58,F
Eddie,Vallin,4,0,3,11,220,11,0,0,6,7,2,87,104,98,30,65,45,98,80,20,97,79,35,50,71,446,76732,2383,72,197,80,B
Ian,Heimbuch,2,0,8,8,190,2,0,0,28,10,1,63,90,64,85,73,70,65,76,41,50,56,78,50,50,434,66115,2384,83,181,78,B
Juan,Juarez,5,0,5,10,210,2,0,0,4,4,7,52,56,65,65,50,63,62,45,28,50,50,66,59,50,275,77035,2385,25,100,58,F
James,Norton,5,3,3,7,200,1,1,0,1,1,9,58,68,68,57,51,61,69,54,29,50,50,69,50,59,310,153,2386,32,138,63,F
Chase,Yaremchuk,3,5,4,10,215,1,1,0,16,4,3,52,61,68,56,50,62,68,46,27,50,50,61,50,54,275,128,2387,25,103,58,F
Wynter,Philip,2,0,7,8,190,1,0,0,21,10,8,27,77,55,79,68,73,75,63,49,50,53,75,50,68,380,78992,2388,62,164,71,C
Ryan,Santee,4,5,3,8,180,2,0,0,24,10,9,51,78,69,30,52,45,87,46,46,84,76,52,50,76,310,77446,2389,31,102,63,F
Ryan,Spiller,2,0,8,9,200,2,0,0,23,7,1,64,82,69,77,60,72,76,72,20,50,53,55,77,81,413,77873,2390,72,206,75,C
Josh,Redbow,2,0,6,10,223,2,0,0,22,3,4,37,71,52,65,56,68,66,43,23,50,54,67,50,51,275,78062,2391,25,102,58,F
Robert,Holmlund,2,0,8,9,209,5,0,0,29,10,7,59,72,57,44,55,56,67,55,20,50,80,57,50,51,275,78154,2392,25,76,58,F
Andrew,Baker-Richards,4,0,4,12,212,1,1,0,20,9,1,57,62,62,54,48,64,67,43,21,65,50,65,50,50,275,78345,2393,25,93,58,F
Fredrik,Bengtsson,4,5,2,8,195,5,0,0,22,2,3,90,95,100,40,58,57,100,70,20,90,60,80,50,51,473,78995,2394,87,199,83,A
Meghan,Sparks,4,5,5,3,180,1,0,0,21,3,4,49,69,66,56,50,58,66,43,20,65,50,66,50,56,275,79038,2395,25,94,58,F
Austin,Novak,4,5,3,8,190,1,1,0,1,5,6,56,66,68,46,52,50,70,45,28,85,57,58,50,51,275,68908,2396,25,70,58,F
Elvis,Zeltins,4,5,1,8,167,14,1,0,28,11,5,54,61,62,55,47,55,60,46,35,77,70,55,73,58,275,66315,2397,25,77,58,F
Artis,Shtrovalds,1,0,5,11,227,14,1,0,11,10,3,63,64,54,64,64,64,57,56,24,64,54,59,51,50,275,33723,2398,35,53,58,F
Franco Jesús,Méndez,1,0,5,4,181,11,0,0,1,10,9,66,69,50,68,68,68,50,65,21,75,55,55,50,50,310,78893,2399,39,103,63,F
Nicklas,Johan,1,0,5,6,200,18,1,0,11,11,1,60,60,70,65,63,64,51,61,20,65,51,59,50,51,275,77601,2400,35,52,58,F
Tommy,Bigelow,5,3,4,12,235,1,1,0,5,12,1,63,66,66,32,40,66,65,46,26,50,69,74,53,58,275,48556,2401,25,90,58,F
Marcus,Lindholm,4,5,2,9,191,5,0,0,7,7,1,63,80,78,38,47,45,78,61,44,87,64,62,50,50,325,79200,2402,22,94,64,F
Aditya,Sriwasth,4,5,2,6,162,2,1,0,10,4,6,67,81,75,47,48,51,69,63,24,76,50,56,50,54,310,4494,2403,33,107,63,F
Daniel,Topps,2,0,7,9,210,2,0,0,30,1,1,30,39,39,72,64,69,62,54,20,50,50,73,84,58,275,79254,2404,25,132,58,F
Zeke,McGann,2,0,7,9,230,2,0,0,19,2,1,30,54,48,68,62,65,74,63,29,50,54,78,59,58,310,79283,2405,33,145,63,F
Tiikeri,Äyräkkäinen,2,0,8,17,250,6,0,0,11,11,3,72,81,73,46,57,67,45,51,20,50,50,81,50,51,310,79286,2406,31,123,63,F
Bob,Anderson,2,0,8,6,187,1,0,0,13,4,4,63,66,65,60,64,45,61,50,27,50,50,65,50,50,275,79149,2407,25,80,58,F
Jeremy,Ronalds,3,4,4,10,220,11,0,0,14,2,9,59,60,63,60,48,64,73,52,39,50,50,70,50,61,310,79377,2408,33,126,63,F
Siberia,Appletree,2,0,6,10,200,1,1,0,4,3,3,48,46,57,70,59,64,72,51,34,50,50,65,64,80,310,79378,2409,11,175,63,F
Kamil,Sikora,5,3,3,9,205,8,1,0,18,4,5,49,82,73,49,46,47,75,46,28,50,53,67,50,53,275,66439,2410,25,89,58,F
Chris,Walters,4,3,2,8,195,1,0,0,22,6,8,62,90,87,40,57,50,90,58,20,74,81,87,50,50,398,21,2411,83,139,74,B
Kavan,DuBois,3,5,1,9,185,19,0,0,19,10,9,72,76,72,48,54,55,65,49,44,50,50,58,51,63,310,79385,2412,32,125,63,F
Walter,White,2,0,8,7,180,5,0,0,16,9,4,56,66,66,54,54,59,61,55,24,50,50,66,50,51,275,79471,2413,25,94,58,F
Dillon,Pittman,1,0,5,10,200,1,0,0,15,5,2,69,69,73,69,66,66,50,53,20,69,50,55,50,73,310,79508,2414,28,118,63,F
Gunnar,Stach,2,0,8,7,210,10,0,0,14,3,1,62,84,81,55,59,53,70,47,24,50,50,57,50,50,310,71400,2415,10,153,63,F
Ryan,Crappa,4,5,3,9,220,2,0,0,27,10,6,64,77,72,52,44,62,75,46,20,77,50,59,50,51,310,73600,2416,10,147,63,F
Jonathen,Schaffer,1,0,5,9,230,2,0,0,10,7,2,64,65,54,67,67,67,68,68,20,66,50,55,50,66,310,79122,2417,38,106,63,F
Chase,Lance,4,5,3,6,185,2,0,0,7,11,7,63,64,64,55,51,59,64,48,39,74,71,56,53,70,310,54558,2418,32,115,63,F
Philipp,Marquardt,5,3,1,5,154,10,1,0,19,8,10,94,87,98,30,63,45,98,63,39,50,87,61,50,65,428,26,2419,83,167,77,B
Tamás,Tokaji,5,0,1,13,200,11,0,0,9,9,5,54,58,60,50,49,59,59,43,39,71,71,64,69,52,275,80319,2420,25,78,58,F
Drezz,Rodriguez,1,0,5,5,185,1,1,0,3,1,5,73,73,69,77,71,69,59,59,39,77,62,79,50,71,381,2,2421,38,130,71,E
Lorant,Hartmann,2,0,6,11,188,1,1,0,15,5,2,29,49,65,76,69,65,53,63,20,50,50,55,50,57,275,47141,2422,25,111,58,F
Kevin,Wieser,2,0,7,8,221,1,0,0,12,8,6,66,41,65,69,61,74,35,64,28,50,50,75,73,66,313,79872,2423,22,155,63,F
Jay,Buttana,4,3,1,5,185,1,0,0,1,1,1,75,63,70,44,53,51,75,55,29,70,52,62,50,59,310,80990,2424,11,145,63,F
Phillip,den Hollander,2,0,7,9,220,1,0,0,1,10,5,68,35,63,67,61,76,32,68,22,50,50,78,76,66,310,24318,2425,11,174,63,F
Sacha,Mkheidze,3,5,4,7,220,3,1,0,7,12,5,60,71,61,66,56,60,69,46,20,50,50,71,50,54,310,7872,2426,32,143,63,F
Tyler,Bosse,2,0,9,6,152,2,0,0,13,1,5,50,60,60,55,59,59,53,50,45,50,66,60,66,58,275,82051,2427,25,88,58,F
Jonathan,Hicks,3,0,3,3,120,1,1,0,14,9,1,90,100,100,30,73,45,100,85,58,50,60,35,50,89,461,81117,2428,86,213,81,A
Jeromir,Jegr,5,4,4,10,219,6,1,0,2,6,10,63,62,69,55,55,59,72,46,20,50,50,73,50,63,310,48282,2429,10,171,63,F
Michael,Sisovsky,4,5,1,8,200,8,0,0,12,8,5,65,62,75,48,51,55,73,51,22,72,50,70,50,60,310,61626,2430,10,151,63,F
Noah,Brusky,1,0,5,9,192,2,1,0,24,4,1,91,83,60,81,95,98,69,49,20,83,75,65,50,50,440,82856,2431,68,158,79,B
Steven,Broughton,3,4,3,8,210,1,1,0,30,10,5,52,62,62,57,50,58,62,46,30,60,60,61,61,60,275,82723,2432,25,95,58,F
Denis,Lever,5,3,4,9,225,2,0,0,2,1,5,70,66,66,62,54,51,72,57,20,50,50,67,50,57,310,83345,2433,30,140,63,F
Nils,Rutten,4,3,2,11,235,17,1,0,12,8,5,51,73,69,60,52,60,70,46,20,67,50,70,50,58,310,83669,2434,30,137,63,F
Jake,Lotoki,2,0,7,8,203,11,0,0,6,10,5,25,66,63,71,63,72,63,56,30,50,64,78,67,52,330,84017,2435,20,164,65,E
Johnny,Shuffleboard,2,0,8,3,160,2,0,0,8,3,4,94,104,88,30,64,51,92,67,59,50,102,69,50,89,473,76081,2436,86,199,83,A
Dominik,Mandic,3,5,1,10,170,11,0,0,8,4,5,55,65,65,60,52,62,66,49,31,60,60,64,60,60,310,63162,2437,30,136,63,F
Janis,Udris,4,5,2,13,220,14,1,0,8,5,5,77,87,75,70,48,62,75,55,20,78,53,70,50,50,380,84265,2438,71,134,71,C
Aleksi,Koskela,2,0,8,10,220,6,0,0,21,8,5,57,67,67,62,59,64,62,56,32,61,61,66,61,61,330,84361,2439,41,130,65,E
Fabio,Wirtanen,3,0,9,9,215,6,0,0,29,9,6,78,75,75,68,57,67,82,65,35,50,56,75,68,50,419,84366,2440,80,187,76,B
Vojghi,Zavi,2,0,8,9,190,4,1,0,7,4,5,57,67,67,62,59,64,62,56,32,61,61,66,61,61,330,38151,2441,41,130,65,E
Riley,Box,5,4,3,2,200,1,1,0,11,8,5,81,62,75,30,54,60,103,79,46,50,73,94,50,62,431,56991,2442,62,211,78,C
Eóin,Ó Murchú,5,3,1,3,175,11,1,1,21,8,5,57,67,67,62,54,64,67,51,32,61,61,66,61,61,330,85253,2443,40,136,65,E
Paul,Bissett,3,5,2,9,215,11,1,1,1,11,1,71,92,81,53,68,45,92,82,20,50,56,92,50,51,434,,2444,72,206,78,B
Nikki,Delacroix,1,0,5,5,150,2,1,1,6,7,5,68,82,78,80,81,95,75,82,32,72,60,68,50,51,410,,2445,88,74,75,A
Richard,Michael,3,5,1,4,156,2,1,1,17,2,5,85,80,63,67,48,72,68,68,46,50,53,50,50,79,380,,2446,50,175,71,C
